1535487922.796748,980.184082,1278.577026,-0.042294,2.572614,-0.048597,0.013290
1535487922.846502,979.906433,1278.745483,-0.013747,2.570130,-0.046110,0.016743
1535487922.896823,979.584473,1278.946167,-0.075156,2.565662,-0.044574,0.012578
1535487922.946587,979.235535,1279.165283,-0.111487,2.565949,-0.043451,0.011493
1535487922.996345,978.611877,1279.572510,-0.100469,2.568143,-0.037510,0.015440
1535487923.046684,978.283691,1279.790894,-0.097673,2.568450,-0.037947,0.011788
1535487923.096430,978.016418,1279.982422,-0.109748,2.568967,-0.032977,0.015137
1535487923.146772,977.775879,1280.139771,-0.111926,2.568132,-0.032352,0.016552
1535487923.196518,977.489990,1280.310669,-0.131925,2.568505,-0.032922,0.014983
1535487923.246287,977.125183,1280.550781,-0.105999,2.566415,-0.038832,0.014316
1535487923.296605,976.802673,1280.750488,-0.096486,2.564353,-0.041388,0.012120
1535487923.346400,976.458679,1280.955078,-0.092452,2.563860,-0.042689,0.010874
1535487923.396137,976.111877,1281.184326,-0.073898,2.561993,-0.043491,0.011737
1535487923.446468,975.725037,1281.460205,-0.017290,2.560718,-0.046374,0.012939
1535487923.496236,975.409363,1281.683105,-0.071348,2.563309,-0.034707,0.005323
1535487923.546549,975.042542,1281.881226,-0.117307,2.564258,-0.030502,0.006784
1535487923.596320,974.683838,1282.119751,-0.106423,2.565122,-0.029177,0.005097
1535487923.646103,974.344360,1282.276489,-0.057518,2.565166,-0.030140,0.006376
1535487923.696398,973.993896,1282.527100,-0.101325,2.565858,-0.028514,0.008506
1535487923.746180,973.622742,1282.764404,-0.112749,2.567639,-0.029327,0.010434
1535487923.795924,973.274658,1283.014282,-0.130921,2.571336,-0.030308,0.010089
1535487923.846263,972.924255,1283.231201,-0.176276,2.576100,-0.028035,0.012584
1535487923.896038,972.600220,1283.445435,-0.207292,2.579807,-0.026469,0.014594
1535487923.945789,972.248169,1283.650269,-0.239032,2.582137,-0.024390,0.016722
1535487923.996101,971.878723,1283.898560,-0.256497,2.583491,-0.024049,0.016742
1535487924.045863,971.494812,1284.145020,-0.338716,2.584782,-0.024973,0.016652
1535487924.095634,971.113403,1284.353638,-0.248820,2.585660,-0.025156,0.024004
1535487924.145987,970.811890,1284.519775,0.080248,2.589654,-0.025423,0.008635
1535487924.195731,970.426208,1284.827881,0.012607,2.590691,-0.025996,0.008881
1535487924.246057,970.046570,1285.039673,0.006337,2.593220,-0.027223,0.007275
1535487924.295806,969.688843,1285.276978,-0.044900,2.594874,-0.023566,0.012571
1535487924.346131,969.329773,1285.489380,-0.042836,2.596540,-0.024011,0.014672
1535487924.395885,968.999817,1285.684082,-0.141065,2.596075,-0.021417,0.018034
1535487924.445666,968.614685,1285.854736,-0.185672,2.595378,-0.024724,0.009816
1535487924.495990,968.257568,1286.055908,-0.192977,2.596321,-0.025142,0.009376
1535487924.545757,967.895630,1286.312744,-0.305545,2.597934,-0.024755,0.013483
1535487924.596082,967.547974,1286.595947,-0.303421,2.601948,-0.027017,0.012055
1535487924.645832,967.194153,1286.794434,-0.212046,2.601590,-0.030172,0.010950
1535487924.696153,966.800049,1287.047607,-0.205802,2.602538,-0.030212,0.012274
1535487924.746545,966.406799,1287.290894,-0.274860,2.603230,-0.028477,0.015726
1535487924.796260,965.954834,1287.577026,-0.224599,2.602546,-0.036424,0.015769
1535487924.846568,965.544922,1287.834106,-0.159389,2.600235,-0.040318,0.015201
1535487924.896319,965.179504,1288.049561,-0.104028,2.599212,-0.043343,0.011728
1535487924.946638,964.808655,1288.287598,-0.116021,2.600864,-0.044072,0.012230
1535487924.996411,964.454346,1288.510376,-0.168440,2.600311,-0.042582,0.014772
1535487925.046719,964.087585,1288.750244,-0.224132,2.605068,-0.040553,0.016848
1535487925.096488,963.729797,1288.957153,-0.263908,2.606578,-0.039333,0.018318
1535487925.146808,963.405640,1289.139893,-0.297974,2.608145,-0.039018,0.018674
1535487925.197139,963.067444,1289.285522,-0.327678,2.605745,-0.036952,0.022274
1535487925.246943,962.883545,1289.419556,-0.198263,2.607269,-0.021317,0.014265
1535487925.297216,962.523499,1289.594482,-0.183204,2.604534,-0.022030,0.015303
1535487925.346988,962.146484,1289.859009,-0.188804,2.604918,-0.023328,0.014223
1535487925.397301,961.722107,1290.125610,-0.152029,2.605429,-0.026332,0.012490
1535487925.447073,961.327454,1290.358154,-0.141573,2.605443,-0.027736,0.012158
1535487925.497391,960.953186,1290.582886,-0.160894,2.606465,-0.027551,0.013630
1535487925.547153,960.544434,1290.807495,-0.199773,2.606383,-0.026646,0.015124
1535487925.597477,960.156616,1291.042847,-0.248571,2.607223,-0.023733,0.017558
1535487925.647236,959.854187,1291.211548,-0.251326,2.605185,-0.023924,0.017656
1535487925.697566,959.629395,1291.379395,-0.158160,2.606645,-0.012052,0.009297
1535487925.747323,959.252563,1291.585571,-0.160878,2.605330,-0.013178,0.008821
1535487925.797650,958.809875,1291.857544,-0.223249,2.606601,-0.013397,0.011959
1535487925.847408,958.356812,1292.162354,-0.358203,2.610004,-0.014563,0.017490
1535487925.897761,958.020874,1292.362427,-0.456860,2.611925,-0.012220,0.021749
1535487925.947538,957.646301,1292.581055,-0.469025,2.610785,-0.012604,0.021668
1535487925.997831,957.308533,1292.826172,-0.466983,2.612186,-0.013187,0.021849
1535487926.047577,956.915222,1293.079468,-0.539281,2.616014,-0.013817,0.023049
1535487926.097909,956.533386,1293.278198,-0.552943,2.613430,-0.015314,0.023861
1535487926.147685,956.095764,1293.551392,-0.549291,2.615061,-0.016808,0.021912
1535487926.197994,955.754639,1293.735718,-0.534441,2.612684,-0.017544,0.021306
1535487926.247758,955.357727,1293.950806,-0.528014,2.611992,-0.017923,0.023212
1535487926.297523,954.994568,1294.159302,-0.538707,2.610683,-0.019206,0.024310
1535487926.347845,954.571045,1294.413818,-0.544020,2.613702,-0.019648,0.025591
1535487926.397608,954.194092,1294.628662,-0.516403,2.614461,-0.021413,0.024624
1535487926.447981,953.745300,1294.875488,-0.508261,2.614217,-0.024343,0.025840
1535487926.497728,953.321533,1295.127319,-0.450778,2.611371,-0.028223,0.027083
1535487926.548013,952.915588,1295.357910,-0.417055,2.611319,-0.029670,0.027678
1535487926.597785,952.483521,1295.625488,-0.450054,2.611624,-0.029406,0.029785
1535487926.647562,952.119995,1295.853638,-0.417805,2.608985,-0.030439,0.027435
1535487926.697876,951.707153,1296.184570,-0.014914,2.608832,-0.045376,0.005464
1535487926.747640,951.301636,1296.440063,-0.026407,2.606971,-0.045674,0.006678
1535487926.797965,950.905396,1296.671875,-0.016592,2.605159,-0.046384,0.006280
1535487926.847712,950.489075,1296.931274,-0.032438,2.604676,-0.046157,0.007300
1535487926.897484,950.122192,1297.148071,-0.062987,2.604930,-0.046074,0.008700
1535487926.947805,949.689026,1297.409546,-0.145549,2.611545,-0.045358,0.012251
1535487926.997573,949.276794,1297.636108,-0.191471,2.610897,-0.045302,0.014232
1535487927.047888,948.840698,1297.876343,-0.091360,2.610851,-0.047914,0.011009
1535487927.147429,948.044312,1298.387573,0.068401,2.606639,-0.052604,0.005654
1535487927.197740,947.638550,1298.658203,0.128599,2.607504,-0.053701,0.007730
1535487927.247515,947.244690,1298.920410,0.157101,2.607948,-0.054668,0.007045
1535487927.297823,946.847107,1299.177368,0.170301,2.607519,-0.055407,0.008390
1535487927.347588,946.572205,1299.333984,0.203904,2.605987,-0.056714,0.006767
1535487927.397362,946.123047,1299.602173,0.234830,2.604727,-0.057781,0.005581
1535487927.447676,945.910400,1299.721313,0.273824,2.601577,-0.058757,0.004488
1535487927.497441,945.687134,1299.837524,0.320063,2.598310,-0.058002,0.003998
1535487927.549725,945.545288,1299.913330,0.436691,2.594548,-0.041059,-0.004224
1535487927.597529,945.166931,1300.163818,0.457539,2.592858,-0.041581,-0.003683
1535487927.647304,944.677856,1300.475708,0.478307,2.590894,-0.044860,-0.001497
1535487927.697626,944.257324,1300.736816,0.484642,2.591903,-0.045691,-0.001020
1535487927.747375,943.968384,1300.906738,0.447825,2.589312,-0.045050,-0.002906
1535487927.797721,943.651123,1301.094238,0.408127,2.587089,-0.045062,-0.003979
1535487927.847474,943.181152,1301.385132,0.402906,2.586910,-0.046136,-0.002282
1535487927.897248,942.766541,1301.636108,0.378705,2.587184,-0.046532,-0.004264
1535487927.947587,942.366028,1301.888184,0.262006,2.586576,-0.046517,-0.009943
1535487927.997322,941.984436,1302.121216,0.373348,2.584481,-0.047544,-0.001039
1535487928.047136,941.511047,1302.416504,0.382986,2.585043,-0.046989,0.003661
1535487928.097411,941.075684,1302.710938,0.407918,2.583864,-0.047636,0.004985
1535487928.147178,940.599731,1303.016724,0.393754,2.585283,-0.050341,0.002453
1535487928.196980,940.146118,1303.312012,0.411294,2.585902,-0.051615,-0.000488
1535487928.247274,939.806458,1303.519531,0.314779,2.585749,-0.052875,-0.011269
1535487928.297042,939.375488,1303.794678,0.323558,2.583944,-0.052406,-0.009182
1535487928.346793,938.950378,1304.070312,0.389554,2.584146,-0.053222,-0.003271
1535487928.397105,938.501282,1304.351562,0.408355,2.583804,-0.053287,-0.000873
1535487928.446888,938.115662,1304.578857,0.376970,2.583425,-0.053228,-0.001344
1535487928.496664,937.689331,1304.875366,0.422467,2.586812,-0.053419,0.000175
1535487928.546963,937.517029,1305.001953,0.538404,2.586237,-0.039654,-0.006309
1535487928.596726,937.164307,1305.230225,0.565204,2.583156,-0.040704,-0.007447
1535487928.646511,936.719788,1305.506104,0.567556,2.583446,-0.041404,-0.007551
1535487928.696816,936.417358,1305.696777,0.568560,2.579870,-0.041010,-0.005763
1535487928.746586,936.009827,1305.963623,0.535474,2.576847,-0.042258,-0.008056
1535487928.796906,935.665283,1306.177490,0.517501,2.576408,-0.043869,-0.009602
1535487928.846665,935.202271,1306.479004,0.517544,2.579471,-0.043840,-0.009024
1535487928.896992,934.826111,1306.714966,0.499740,2.576889,-0.043079,-0.008996
1535487928.946796,934.490723,1306.929199,0.502918,2.575663,-0.043268,-0.008698
1535487928.996573,934.172791,1307.126587,0.494180,2.574208,-0.043526,-0.007659
1535487929.046862,933.820801,1307.329712,0.454317,2.572207,-0.043039,-0.004602
1535487929.096611,933.509888,1307.531982,0.445696,2.569173,-0.043442,-0.004748
1535487929.147008,933.189392,1307.739380,0.415905,2.567163,-0.043842,-0.006097
1535487929.196689,932.794739,1307.994385,0.349838,2.567681,-0.047752,-0.014202
1535487929.247014,932.332336,1308.273560,0.285100,2.566292,-0.047408,-0.012511
1535487929.296794,931.955994,1308.517822,0.270974,2.565648,-0.047721,-0.011786
1535487929.347114,931.566345,1308.778442,0.328509,2.565314,-0.048660,-0.011859
1535487929.396939,931.271606,1308.961426,0.364212,2.565648,-0.050024,-0.013023
1535487929.447220,930.933594,1309.204956,0.411855,2.564480,-0.051127,-0.013196
1535487929.496950,930.358948,1309.609253,0.453267,2.565965,-0.052870,-0.013674
1535487929.547267,929.955017,1309.901123,0.484185,2.567006,-0.053942,-0.014843
1535487929.597042,929.596069,1310.160889,0.530610,2.563521,-0.055235,-0.013239
1535487929.647384,929.429626,1310.291260,0.564756,2.561764,-0.055316,-0.013500
1535487929.697127,929.211121,1310.437622,0.544897,2.560788,-0.056000,-0.015927
1535487929.747438,928.554565,1310.790283,0.538204,2.564013,-0.055539,-0.012814
1535487929.797209,928.283081,1310.966919,0.571782,2.565577,-0.040260,-0.008162
1535487929.846975,927.981873,1311.169312,0.572354,2.566235,-0.040110,-0.008090
1535487929.897308,927.561462,1311.420654,0.585796,2.568951,-0.040821,-0.008114
1535487929.947061,927.172119,1311.666992,0.611415,2.568985,-0.042467,-0.009985
1535487929.997423,926.864746,1311.845337,0.612386,2.568141,-0.041810,-0.009935
1535487930.047155,926.572021,1311.990479,0.627217,2.569969,-0.042717,-0.008377
1535487930.097497,926.175293,1312.280151,0.668445,2.570108,-0.043235,-0.006696
1535487930.147230,925.795227,1312.509644,0.680553,2.572940,-0.044372,-0.006347
1535487930.197693,925.557129,1312.656006,0.665380,2.572536,-0.045855,-0.005683
1535487930.247321,925.058777,1312.979492,0.613893,2.573598,-0.045658,-0.002643
1535487930.297078,924.717712,1313.176392,0.564654,2.573500,-0.044893,0.000326
1535487930.348807,924.257019,1313.454346,0.554116,2.574859,-0.045631,0.000988
1535487930.397167,923.809875,1313.757568,0.562076,2.575143,-0.046087,0.002308
1535487930.446939,923.399109,1314.049561,0.600095,2.576837,-0.046710,0.003371
1535487930.497286,922.966980,1314.294312,0.556577,2.576646,-0.048185,-0.000660
1535487930.547064,922.670776,1314.487793,0.474032,2.578715,-0.046608,0.001580
1535487930.597397,922.431580,1314.602173,0.307128,2.579591,-0.046147,0.005976
1535487930.647109,922.135986,1314.738037,0.315259,2.580464,-0.045609,0.008966
1535487930.696894,921.812561,1314.873779,0.101802,2.579536,-0.040618,0.022257
1535487930.747202,921.449219,1315.086304,0.033683,2.581419,-0.040536,0.022351
1535487930.796956,921.017212,1315.362671,-0.190001,2.583970,-0.036934,0.037523
1535487930.846722,920.554504,1315.630249,-0.255945,2.585831,-0.034862,0.042225
1535487930.897040,920.124817,1315.897461,-0.268685,2.588324,-0.035786,0.042308
1535487930.946832,919.629944,1316.214966,-0.230728,2.590611,-0.038364,0.040736
1535487930.997236,919.377014,1316.366333,-0.270400,2.591430,-0.037294,0.042556
1535487931.046931,919.100830,1316.532959,-0.301117,2.592488,-0.036277,0.045790
1535487931.096683,918.608826,1316.834717,-0.254729,2.591444,-0.037600,0.043087
1535487931.147004,918.001892,1317.190918,-0.268256,2.597913,-0.037858,0.044990
1535487931.196767,917.416992,1317.667603,-0.287645,2.598910,-0.039921,0.040584
1535487931.246530,917.106201,1317.876709,-0.341755,2.601424,-0.039616,0.040884
1535487931.296843,916.815918,1318.041626,-0.312415,2.598982,-0.039362,0.041778
1535487931.346621,916.425842,1318.304688,-0.241619,2.598470,-0.040288,0.040178
1535487931.396364,916.037170,1318.531982,-0.277456,2.596861,-0.040008,0.037926
1535487931.446689,915.539246,1318.817993,-0.301407,2.598589,-0.034164,0.035673
1535487931.496477,915.126587,1319.077148,-0.389751,2.604797,-0.032406,0.039976
1535487931.546790,914.730225,1319.374146,-0.315379,2.605574,-0.034657,0.037542
1535487931.596557,914.417419,1319.544556,-0.353057,2.606402,-0.034167,0.037225
1535487931.646336,914.133850,1319.722778,-0.334655,2.605775,-0.034930,0.036275
1535487931.696634,913.898865,1319.913940,-0.202383,2.605659,-0.029401,0.026789
1535487931.746395,913.529907,1320.155396,-0.162693,2.605337,-0.027884,0.023647
1535487931.796714,913.046997,1320.454956,-0.160072,2.608095,-0.028153,0.023857
1535487931.846578,912.725525,1320.645386,-0.112299,2.608748,-0.018237,0.017692
1535487931.896250,912.264648,1320.940796,-0.044069,2.610290,-0.016221,0.013517
1535487931.946595,911.811279,1321.210571,-0.081987,2.613765,-0.008844,0.010200
1535487931.996337,911.324036,1321.463501,-0.113655,2.613753,-0.008496,0.014257
1535487932.046648,910.693176,1321.849609,-0.158876,2.613507,-0.008541,0.009289
1535487932.096415,909.605103,1322.564941,-0.085951,2.615507,0.000300,-0.001115
1535487932.146198,909.567749,1322.564697,-0.144772,2.615882,-0.000507,0.003991
1535487932.196503,909.482300,1322.550171,-0.199500,2.615648,-0.002746,0.007057
1535487932.246280,909.739685,1322.308472,-0.345100,2.611495,-0.012764,0.020592
1535487932.296592,909.346313,1322.514893,-0.368171,2.611944,-0.012432,0.021191
1535487932.346363,908.744995,1322.871460,-0.365469,2.612908,-0.013603,0.022008
1535487932.396672,908.278442,1323.149048,-0.387051,2.615735,-0.014251,0.023531
1535487932.446469,907.696167,1323.530762,-0.361411,2.617664,-0.014396,0.022490
1535487932.496756,907.261108,1323.805420,-0.329961,2.620304,-0.014702,0.023370
1535487932.546532,907.106812,1323.871826,-0.337303,2.620816,-0.014484,0.023026
1535487932.596293,906.603027,1324.197632,-0.165550,2.622095,-0.008876,0.017226
1535487932.646612,906.049072,1324.524414,-0.192565,2.623135,-0.019261,0.028161
1535487932.696374,905.537903,1324.873535,-0.118588,2.623492,-0.016846,0.023649
1535487932.746707,904.973328,1325.244385,-0.042500,2.626398,-0.012364,0.018603
1535487932.796462,904.405823,1325.563110,-0.062530,2.626390,-0.017305,0.023955
1535487932.846780,904.201233,1325.691162,-0.022093,2.627275,-0.017402,0.019944
1535487932.896586,903.755737,1325.942383,0.051367,2.624839,-0.018289,0.015982
1535487932.946894,903.526245,1326.081543,0.172228,2.623653,-0.018298,0.010290
1535487932.996654,903.340027,1326.256470,0.304997,2.623689,-0.002622,-0.001492
1535487933.046424,902.771301,1326.541382,0.371237,2.623563,0.000624,0.008368
1535487933.096719,902.192383,1326.911987,0.306290,2.629230,-0.002773,0.007730
1535487933.146508,902.021667,1326.997681,0.117722,2.628421,-0.012206,-0.010634
1535487933.196829,901.638123,1327.205444,0.098261,2.626702,-0.012587,-0.011414
1535487933.246602,901.152771,1327.509399,0.132991,2.625688,-0.013900,-0.013080
1535487933.296924,900.722229,1327.738770,0.094719,2.626008,-0.014696,-0.008336
1535487933.347210,900.220337,1327.989868,0.005904,2.628422,-0.014468,-0.002513
1535487933.396979,899.812378,1328.218384,-0.031187,2.626345,-0.013630,-0.002962
1535487933.497061,899.134949,1328.599121,-0.022964,2.623541,-0.012336,-0.002397
1535487933.547414,898.611084,1328.910400,0.020905,2.622464,-0.012489,-0.000846
1535487933.597153,898.126709,1329.174194,-0.031274,2.618538,-0.010649,-0.000050
1535487933.647488,898.052307,1329.170654,0.077355,2.618875,-0.003702,0.014982
1535487933.697238,897.605896,1329.438599,0.096643,2.619280,0.001112,0.019737
1535487933.747566,897.202454,1329.675049,-0.025857,2.617342,0.012784,0.008688
1535487933.797350,896.798157,1329.917114,-0.090795,2.615434,0.011963,0.005153
1535487933.847648,896.294861,1330.207642,-0.088653,2.615185,0.004920,0.010292
1535487933.897404,896.074219,1330.320068,-0.038192,2.613816,0.010896,0.016571
1535487933.947726,895.435547,1330.724731,-0.077612,2.613036,-0.003572,0.011309
1535487933.997491,895.153870,1330.895264,-0.226123,2.612096,-0.007464,-0.005668
1535487934.047841,894.784424,1331.093750,-0.124468,2.611639,-0.011435,0.009013
1535487934.097587,894.293701,1331.373169,-0.112630,2.607852,-0.016374,0.012357
1535487934.147907,893.898804,1331.614868,-0.138669,2.605341,-0.017110,0.008037
1535487934.197679,893.417114,1331.912109,-0.014364,2.604880,-0.011307,0.016409
1535487934.247998,893.068726,1332.145386,0.173496,2.603758,-0.006493,0.025234
1535487934.297747,892.647400,1332.383545,0.064922,2.601642,0.006811,0.013276
1535487934.348130,892.175415,1332.667725,0.040489,2.600471,0.007477,0.012942
1535487934.397868,892.032471,1332.744629,0.095218,2.602575,0.007509,0.021734
1535487934.447600,891.536804,1333.042236,0.040001,2.597480,0.001224,0.016850
1535487934.497924,891.173645,1333.285522,-0.068970,2.594126,-0.003934,0.007966
1535487934.547684,890.778503,1333.582031,-0.141740,2.591589,-0.021437,-0.010269
1535487934.598008,890.248901,1333.924927,-0.070838,2.592502,-0.022538,-0.008331
1535487934.647816,889.865417,1334.146362,-0.085080,2.590200,-0.020470,-0.006784
1535487934.698104,889.466614,1334.406616,-0.071000,2.589336,-0.019409,-0.008720
1535487934.747879,888.973083,1334.713379,-0.068463,2.589274,-0.019508,-0.008554
1535487934.797633,888.716614,1334.862915,-0.017176,2.586490,-0.023135,-0.002076
1535487934.847946,888.373840,1335.082153,-0.021036,2.584072,-0.022088,-0.004178
1535487934.897721,888.086670,1335.280884,0.000046,2.581435,-0.022633,-0.005199
1535487934.948030,887.580444,1335.617798,0.024506,2.580725,-0.022472,-0.004616
1535487934.997802,887.193848,1335.872559,0.066790,2.579318,-0.027630,-0.001353
1535487935.048131,886.726624,1336.158447,0.082870,2.578650,-0.031078,0.000367
1535487935.097887,886.349426,1336.396973,0.110266,2.576578,-0.030516,0.002843
1535487935.147649,885.997803,1336.609009,0.102761,2.575621,-0.028788,0.003581
1535487935.197971,885.578735,1336.887207,0.100685,2.573836,-0.031967,0.003005
1535487935.247762,885.131775,1337.181152,0.111992,2.573244,-0.031060,0.003451
1535487935.298062,884.890991,1337.344604,0.111968,2.571924,-0.029935,0.003650
1535487935.347854,884.635437,1337.514282,0.127660,2.571083,-0.031792,0.006083
1535487935.398143,884.449585,1337.645996,0.131344,2.570625,-0.031240,0.004488
1535487935.447911,883.949097,1337.947632,0.161865,2.568315,-0.034213,0.006510
1535487935.497684,883.591064,1338.191528,0.157575,2.564928,-0.031954,0.005668
1535487935.547998,883.249451,1338.414673,0.168548,2.563880,-0.032836,0.007015
1535487935.648125,882.603333,1338.844116,0.171951,2.563750,-0.020702,0.008661
1535487935.697849,882.174255,1339.117676,0.244208,2.563494,-0.013663,0.019134
1535487935.748203,881.854614,1339.326294,0.209792,2.562132,-0.012983,0.016843
1535487935.797934,881.365051,1339.651245,0.215803,2.559648,-0.013126,0.016239
1535487935.847701,881.066467,1339.865112,0.186709,2.557714,-0.011710,0.012219
1535487935.898018,880.709473,1340.092896,0.217603,2.559304,-0.012337,0.015120
1535487935.947800,880.327271,1340.339111,0.230336,2.559181,-0.016965,0.017400
1535487935.998113,880.036499,1340.520508,0.219912,2.560888,-0.017292,0.018552
1535487936.047882,879.727600,1340.747681,0.267485,2.560977,-0.026542,0.013650
1535487936.098192,879.323181,1341.008667,0.279243,2.561332,-0.026554,0.014828
1535487936.147957,879.009644,1341.208130,0.290115,2.564188,-0.028081,0.014993
1535487936.197736,878.667419,1341.431641,0.284271,2.566267,-0.028977,0.014203
1535487936.248080,878.281189,1341.702515,0.276615,2.567432,-0.028555,0.011542
1535487936.297805,877.939575,1341.909546,0.231302,2.568960,-0.029111,0.011760
1535487936.347583,877.565552,1342.146851,0.220181,2.571033,-0.030109,0.012602
1535487936.398190,877.230286,1342.367188,0.218650,2.572457,-0.031495,0.009827
1535487936.447659,876.902466,1342.567017,0.164444,2.573401,-0.030237,0.006877
1535487936.498003,876.521118,1342.801514,0.183118,2.574474,-0.033172,0.009917
1535487936.547744,876.158630,1343.026489,0.137663,2.575295,-0.034798,0.011657
1535487936.597510,875.842285,1343.235840,0.106091,2.576994,-0.037084,0.006559
1535487936.647845,875.499268,1343.459595,0.178620,2.577784,-0.036392,0.005691
1535487936.697598,875.182861,1343.694214,0.292218,2.578481,-0.035406,0.004802
1535487936.747378,874.790344,1343.912109,0.211141,2.579677,-0.037625,0.007850
1535487936.797691,874.488647,1344.102295,0.212122,2.581632,-0.039178,0.009724
1535487936.847452,874.171875,1344.315063,0.175937,2.581170,-0.040363,0.010368
1535487936.897768,873.827637,1344.507568,0.130582,2.583442,-0.041743,0.010795
1535487936.947535,873.504578,1344.714233,0.140545,2.582166,-0.041043,0.009882
1535487936.997735,873.111572,1344.933838,-0.002413,2.584582,-0.044005,0.011834
1535487937.047639,872.861023,1345.086548,-0.014336,2.586238,-0.045006,0.011873
1535487937.097390,872.504028,1345.281250,-0.010165,2.588020,-0.046662,0.012754
1535487937.147170,872.184814,1345.495483,0.039975,2.591341,-0.046587,0.014030
1535487937.197481,871.880737,1345.707153,0.031302,2.593212,-0.047038,0.011222
1535487937.247245,871.594360,1345.889526,0.040022,2.592302,-0.047982,0.012081
1535487937.297005,871.311462,1346.059692,0.046191,2.593734,-0.047592,0.010447
1535487937.347332,871.031616,1346.226318,0.063243,2.595275,-0.048657,0.009788
1535487937.397090,870.770142,1346.380737,0.107927,2.596991,-0.047676,0.010540
1535487937.447439,870.444458,1346.572998,0.132042,2.598304,-0.049622,0.013986
1535487937.497176,870.206177,1346.708984,0.131466,2.599707,-0.048506,0.016572
1535487937.546959,869.884521,1346.895264,0.056531,2.603230,-0.051397,0.018163
1535487937.597280,869.579102,1347.053833,-0.107531,2.603207,-0.054221,0.018707
1535487937.647035,869.277405,1347.243164,-0.147401,2.605348,-0.053497,0.013304
1535487937.697404,869.023743,1347.387939,-0.123067,2.606194,-0.052228,0.010825
1535487937.747118,868.849609,1347.482788,-0.098471,2.606379,-0.040058,0.009153
1535487937.797446,868.550964,1347.663208,-0.096259,2.608640,-0.040596,0.009452
1535487937.847203,868.291382,1347.820068,-0.090463,2.610029,-0.039924,0.009995
1535487937.896975,868.002625,1347.983521,-0.110620,2.610803,-0.041243,0.010060
1535487937.947293,867.743347,1348.138794,-0.101360,2.611770,-0.041157,0.010046
1535487937.997052,867.463501,1348.315430,-0.078915,2.612249,-0.041756,0.009831
1535487938.046840,867.199036,1348.479858,-0.053586,2.613655,-0.042180,0.009330
1535487938.097140,866.929993,1348.653198,-0.047804,2.616121,-0.042012,0.008701
1535487938.146905,866.647705,1348.822876,-0.042751,2.617850,-0.043476,0.009243
1535487938.197253,866.365173,1348.982788,-0.033368,2.617675,-0.044187,0.009345
1535487938.247002,866.107910,1349.124268,-0.039938,2.620197,-0.045795,0.010319
1535487938.296761,865.841675,1349.259888,-0.027706,2.620029,-0.045606,0.010861
1535487938.347079,865.616211,1349.387817,-0.019913,2.623939,-0.045500,0.011340
1535487938.396853,865.396118,1349.523682,-0.008089,2.623530,-0.044893,0.011354
1535487938.447270,865.224915,1349.611572,-0.017807,2.624236,-0.046246,0.011236
1535487938.496937,865.004333,1349.744385,0.003222,2.624083,-0.043364,0.013904
1535487938.547252,864.755798,1349.915771,0.005013,2.628393,-0.043993,0.013061
1535487938.646787,864.315002,1350.173096,0.026710,2.630758,-0.044822,0.012565
1535487938.697106,864.094360,1350.322754,0.047617,2.630388,-0.048750,0.008406
1535487938.746896,863.882996,1350.453857,0.070598,2.630946,-0.048226,0.007504
1535487938.797207,863.660339,1350.580200,0.056373,2.634477,-0.048319,0.002898
1535487938.848036,863.495544,1350.701660,0.185120,2.637500,-0.042126,-0.007602
1535487938.896724,863.310669,1350.804932,0.195269,2.638274,-0.043001,-0.007448
1535487938.947040,863.076355,1350.907959,0.196424,2.634957,-0.039107,-0.006139
1535487938.996810,862.903931,1350.984619,0.227274,2.637899,-0.038473,-0.008581
1535487939.047125,862.679871,1351.141479,0.290407,2.642670,-0.032763,-0.007974
1535487939.096893,862.457764,1351.246460,0.367335,2.642852,-0.020672,-0.008759
1535487939.146668,862.353271,1351.282715,0.394379,2.641883,-0.017751,-0.007108
1535487939.196983,862.105896,1351.433960,0.411498,2.643959,-0.020608,-0.008829
1535487939.246750,861.940735,1351.528931,0.431551,2.643260,-0.021820,-0.008841
1535487939.297082,861.723572,1351.658203,0.444631,2.640679,-0.022606,-0.008409
1535487939.346830,861.499939,1351.806152,0.427873,2.645627,-0.023805,-0.008454
1535487939.397171,861.340454,1351.897705,0.455484,2.644911,-0.026058,-0.010121
1535487939.446914,861.145569,1351.999512,0.498939,2.647842,-0.022763,-0.006238
1535487939.497241,861.005432,1352.084839,0.535045,2.647905,-0.023364,-0.006102
1535487939.547008,860.735352,1352.257690,0.492558,2.652083,-0.024082,-0.011465
1535487939.596809,860.634705,1352.291504,0.532948,2.650178,-0.022712,-0.009671
1535487939.647103,860.564392,1352.299438,0.519430,2.649141,-0.022585,-0.009458
1535487939.696865,860.420471,1352.364502,0.493836,2.647604,-0.024222,-0.010820
1535487939.747194,860.291992,1352.400146,0.416063,2.645713,-0.027023,-0.009637
1535487939.796952,860.135010,1352.479736,0.431437,2.645545,-0.025512,-0.009492
1535487939.847273,860.046387,1352.504639,0.459973,2.644334,-0.022837,-0.005239
1535487939.897044,859.858582,1352.611572,0.515151,2.645439,-0.008479,-0.005798
1535487939.946798,859.723877,1352.675293,0.517112,2.645386,-0.009905,-0.004659
1535487939.997113,859.685059,1352.666138,0.492326,2.641292,-0.008997,-0.003647
1535487940.046879,859.554199,1352.742188,0.413822,2.639164,-0.010410,-0.004184
1535487940.097208,859.331177,1352.885254,0.384639,2.641257,-0.012163,-0.009635
1535487940.146977,859.244385,1352.927856,0.308377,2.637860,-0.014155,-0.010204
1535487940.198042,859.031738,1353.045166,0.290738,2.638478,-0.014529,-0.008512
1535487940.247060,858.916199,1353.082520,0.235017,2.636342,-0.018516,-0.007563
1535487940.297375,858.765930,1353.162598,0.219560,2.633945,-0.019658,-0.005691
1535487940.347147,858.603577,1353.264404,0.234762,2.633458,-0.021138,-0.006748
1535487940.396904,858.446838,1353.360474,0.220070,2.633761,-0.020835,-0.005255
1535487940.447218,858.300964,1353.451172,0.216501,2.631024,-0.021929,-0.005211
1535487940.497004,858.220093,1353.464355,0.198886,2.627949,-0.020894,-0.005401
1535487940.547313,858.004395,1353.614014,0.241346,2.631009,-0.019612,-0.007382
1535487940.597088,857.886719,1353.671265,0.196043,2.628383,-0.021546,-0.005195
1535487940.647405,857.749573,1353.733643,0.157487,2.629514,-0.022185,-0.003553
1535487940.697178,857.607605,1353.834839,0.158510,2.626942,-0.022546,-0.003882
1535487940.747500,857.498352,1353.871582,0.124135,2.625798,-0.023363,-0.002261
1535487940.797250,857.406860,1353.912964,0.127603,2.623347,-0.021528,-0.002434
1535487940.847017,857.254822,1354.003296,0.111309,2.623704,-0.023133,-0.002263
1535487940.897341,857.123413,1354.083008,0.116424,2.621588,-0.021610,-0.001542
1535487940.947107,856.944763,1354.221802,0.158029,2.622917,-0.021306,-0.002938
1535487940.997436,856.832031,1354.269653,0.115218,2.621662,-0.024275,-0.004299
1535487941.047205,856.745361,1354.319824,0.098413,2.619784,-0.024835,-0.003751
1535487941.096957,856.652222,1354.375000,0.119372,2.617689,-0.023035,-0.002545
1535487941.147287,856.523010,1354.458618,0.102439,2.617791,-0.025532,-0.004707
1535487941.197035,856.434387,1354.512939,0.101890,2.615257,-0.025462,-0.003813
1535487941.247355,856.322144,1354.574463,0.113050,2.614359,-0.024055,-0.002404
1535487941.297120,856.231506,1354.624878,0.101687,2.612168,-0.024273,-0.001573
1535487941.347443,856.131348,1354.677612,0.095463,2.611185,-0.024757,-0.001152
1535487941.397208,856.047302,1354.716064,0.071732,2.609178,-0.025588,-0.001291
1535487941.446993,855.969849,1354.773926,0.086478,2.608906,-0.024667,-0.000440
1535487941.497298,855.909912,1354.800781,0.053943,2.608138,-0.025183,-0.001101
1535487941.547083,855.814148,1354.832886,-0.021984,2.605979,-0.027066,0.000220
1535487941.597391,855.720154,1354.868652,-0.037652,2.604749,-0.019960,0.012316
1535487941.647152,855.639221,1354.922241,-0.029257,2.604570,-0.019212,0.012597
1535487941.697467,855.549316,1354.973877,0.032416,2.603668,-0.014960,0.017692
1535487941.747246,855.469421,1355.008179,0.032707,2.602188,-0.015470,0.017700
1535487941.797553,855.420166,1355.041138,0.034912,2.600601,-0.012942,0.020874
1535487941.847328,855.334473,1355.109253,0.028583,2.598743,-0.013998,0.020501
1535487941.897457,855.229492,1355.140869,0.025844,2.596937,-0.013115,0.023884
1535487941.947435,855.135559,1355.215454,0.028861,2.595255,-0.013613,0.023355
1535487941.997171,855.060730,1355.263062,-0.000755,2.594184,-0.013930,0.022331
1535487942.047489,854.991211,1355.302124,0.006339,2.592725,-0.014030,0.022641
1535487942.097262,854.897949,1355.369263,0.009292,2.590877,-0.015830,0.022113
1535487942.147580,854.815247,1355.454346,0.017502,2.589473,-0.015858,0.021857
1535487942.197340,854.761108,1355.482666,-0.000174,2.587749,-0.016187,0.021039
1535487942.247674,854.709534,1355.518921,-0.008828,2.586588,-0.017546,0.018532
1535487942.297434,854.615417,1355.571045,-0.006277,2.584635,-0.016103,0.018406
1535487942.347199,854.465454,1355.694702,0.007627,2.582803,-0.020889,0.014218
1535487942.397510,854.399414,1355.742920,0.024113,2.581695,-0.020519,0.014616
1535487942.447289,854.312561,1355.800049,0.033061,2.580288,-0.019355,0.015730
1535487942.497600,854.245117,1355.849854,0.023013,2.578959,-0.020216,0.014121
1535487942.547385,854.176697,1355.889160,0.025803,2.577241,-0.020627,0.013933
1535487942.597694,854.118530,1355.913452,0.037010,2.575326,-0.019875,0.015459
1535487942.647454,854.023438,1355.967285,0.055407,2.574558,-0.019197,0.016560
