1535385092.150099,1772.740723,866.298950,0.104330,0.024280,0.003239,-0.028343
1535385092.200423,1772.897827,866.293579,0.196059,0.029439,0.007669,-0.026244
1535385092.250173,1773.304932,866.315063,0.136785,0.029709,0.007530,-0.025147
1535385092.299964,1773.654419,866.306519,0.049044,0.030870,0.010422,-0.028620
1535385092.350275,1774.073120,866.308533,0.066824,0.033065,0.008045,-0.028709
1535385092.400042,1774.420654,866.291565,0.192895,0.031968,0.004145,-0.028359
1535385092.450359,1774.843384,866.299561,0.191865,0.032366,0.000232,-0.029287
1535385092.500123,1775.210449,866.316528,0.141757,0.030735,-0.003191,-0.028331
1535385092.550447,1775.570557,866.335815,0.097209,0.029373,0.000054,-0.029188
1535385092.600235,1775.951416,866.351135,0.128895,0.028550,-0.001824,-0.027754
1535385092.650526,1776.346069,866.367615,0.054607,0.027427,-0.003126,-0.027396
1535385092.700299,1776.711914,866.359314,0.074610,0.023606,-0.018309,-0.025011
1535385092.750055,1777.045410,866.341125,0.079878,0.022320,-0.023855,-0.026878
1535385092.800402,1777.566406,866.361572,0.121031,0.026966,-0.022357,-0.032377
1535385092.850173,1778.027222,866.348328,0.112582,0.030378,-0.024807,-0.034903
1535385092.900473,1778.447876,866.355103,0.094419,0.030107,-0.034045,-0.034028
1535385092.950260,1778.885132,866.358337,0.093467,0.031710,-0.034933,-0.032990
1535385093.001345,1779.265503,866.390869,0.074209,0.028799,-0.039942,-0.031881
1535385093.050316,1779.718018,866.439087,0.120014,0.031075,-0.038286,-0.028007
1535385093.100101,1780.099365,866.423218,0.139653,0.030022,-0.037143,-0.029841
1535385093.150415,1780.481689,866.456665,0.127246,0.028790,-0.039932,-0.030043
1535385093.200183,1780.915405,866.465698,0.120317,0.029390,-0.040737,-0.029668
1535385093.250501,1781.317505,866.459167,0.119263,0.029156,-0.041399,-0.028781
1535385093.300279,1781.683716,866.484192,0.113472,0.024294,-0.044135,-0.029454
1535385093.350585,1782.077637,866.505798,0.131813,0.023579,-0.043918,-0.028029
1535385093.400365,1782.458130,866.517456,0.153259,0.022437,-0.041298,-0.028796
1535385093.450713,1782.787476,866.520691,0.189246,0.022201,-0.041570,-0.027470
1535385093.500444,1783.271240,866.527405,0.149587,0.022421,-0.036161,-0.029603
1535385093.550244,1783.742310,866.523499,0.137215,0.023299,-0.035897,-0.031584
1535385093.600535,1784.194336,866.496277,0.094744,0.023849,-0.036616,-0.035640
1535385093.650312,1784.628052,866.502197,0.089631,0.023912,-0.038469,-0.034779
1535385093.700647,1785.083374,866.531433,0.122278,0.024611,-0.047529,-0.030790
1535385093.750405,1785.494629,866.546204,0.145787,0.023668,-0.048199,-0.031206
1535385093.800717,1785.881226,866.552979,0.169569,0.024832,-0.047301,-0.031262
1535385093.850471,1786.246826,866.565125,0.172984,0.023710,-0.047805,-0.030689
1535385093.900800,1786.750610,866.585510,0.193129,0.023942,-0.048088,-0.032130
1535385093.950564,1787.223267,866.567322,0.211087,0.026024,-0.047430,-0.033481
1535385094.000330,1787.667358,866.580383,0.209473,0.026167,-0.049207,-0.032929
1535385094.050732,1788.049194,866.606567,0.217728,0.025250,-0.040037,-0.033491
1535385094.100426,1788.481567,866.607117,0.223643,0.025199,-0.042183,-0.033262
1535385094.150195,1788.903320,866.597412,0.245334,0.025719,-0.042191,-0.033594
1535385094.200525,1789.344116,866.616699,0.234723,0.026494,-0.044118,-0.033722
1535385094.250430,1789.746826,866.611206,0.178470,0.026710,-0.045120,-0.035938
1535385094.300612,1790.235352,866.614380,0.160749,0.026780,-0.049614,-0.036503
1535385094.350386,1790.588623,866.633545,0.162716,0.026275,-0.050720,-0.036300
1535385094.400137,1790.977295,866.637451,0.164437,0.026404,-0.051045,-0.036522
1535385094.449913,1791.388672,866.644958,0.157275,0.027718,-0.052884,-0.036362
1535385094.500220,1791.937256,866.667175,0.151421,0.027974,-0.055154,-0.036117
1535385094.550004,1792.341797,866.668823,0.175418,0.027913,-0.056657,-0.036926
1535385094.600326,1792.798828,866.693726,0.164451,0.029114,-0.051370,-0.034343
1535385094.650135,1793.121216,866.700012,0.167136,0.028021,-0.053429,-0.033393
1535385094.699856,1793.559326,866.712341,0.184046,0.029229,-0.054303,-0.032371
1535385094.750161,1793.935669,866.696411,0.117577,0.028985,-0.051918,-0.035791
1535385094.799940,1794.332153,866.684082,0.040608,0.028536,-0.053101,-0.039641
1535385094.849720,1794.735352,866.710999,0.086731,0.027674,-0.058693,-0.038165
1535385094.900028,1795.208130,866.715698,0.119235,0.028700,-0.058726,-0.037649
1535385094.949783,1795.401855,866.716675,0.174305,0.030369,-0.058369,-0.034800
1535385095.000123,1796.051514,866.718201,0.175782,0.029469,-0.060143,-0.035156
1535385095.049867,1796.282715,866.713318,0.175131,0.030306,-0.060806,-0.036158
1535385095.099655,1796.726929,866.694214,0.287259,0.031415,-0.041965,-0.046346
1535385095.149956,1797.242310,866.720886,0.277728,0.031591,-0.043519,-0.045540
1535385095.199741,1797.789551,866.740723,0.251009,0.032294,-0.044840,-0.045540
1535385095.249489,1798.244385,866.746216,0.198831,0.032447,-0.046198,-0.046548
1535385095.299818,1798.803101,866.759827,0.146852,0.031958,-0.054261,-0.047250
1535385095.349589,1799.214722,866.775208,0.139621,0.032615,-0.056551,-0.047203
1535385095.399915,1799.556519,866.797058,0.148197,0.032906,-0.058727,-0.047130
1535385095.449675,1799.926147,866.799927,0.147821,0.031002,-0.059506,-0.046914
1535385095.499466,1799.938477,866.803406,0.143419,0.031557,-0.058900,-0.046964
1535385095.549769,1799.910889,866.824951,0.144520,0.033333,-0.059010,-0.047195
1535385095.599541,1800.383179,866.829102,0.148156,0.033233,-0.060517,-0.047186
1535385095.649915,1800.377563,866.829834,0.151204,0.033656,-0.060455,-0.046984
1535385095.699624,1800.385620,866.833740,0.163497,0.036490,-0.058715,-0.045913
1535385095.749927,1800.202148,866.862793,0.291603,0.041623,-0.046574,-0.036781
1535385095.799747,1800.213257,866.849792,0.283844,0.040593,-0.047208,-0.036114
1535385095.849463,1800.303833,866.853088,0.452490,0.039830,-0.044479,-0.029772
1535385095.899787,1800.408813,866.857849,0.437480,0.039899,-0.043487,-0.029482
1535385095.949554,1800.899170,866.850220,0.390568,0.042168,-0.047924,-0.030134
1535385095.999899,1801.345825,866.859680,0.403371,0.044659,-0.048302,-0.030064
1535385096.049641,1801.384521,866.844910,0.398620,0.045746,-0.048448,-0.030279
1535385096.099964,1801.252075,866.810791,0.387444,0.046380,-0.048090,-0.030540
1535385096.149737,1801.216309,866.826904,0.230003,0.045584,-0.046704,-0.020645
1535385096.200059,1801.239380,866.812012,0.127282,0.047441,-0.047166,-0.025256
1535385096.249834,1801.230713,866.809326,0.080071,0.044859,-0.041049,-0.030717
1535385096.299612,1801.316406,866.828552,0.096032,0.044590,-0.040006,-0.030527
1535385096.349909,1801.271606,866.831360,0.092919,0.043676,-0.039413,-0.031716
1535385096.399680,1801.713135,866.842041,0.117629,0.043137,-0.039857,-0.031158
1535385096.449991,1802.141479,866.851318,0.099029,0.043562,-0.043042,-0.032447
1535385096.499765,1802.823120,866.868530,0.053846,0.042956,-0.037861,-0.034194
1535385096.550079,1802.893066,866.892273,0.055836,0.041830,-0.034431,-0.032021
1535385096.599868,1803.858032,866.923218,0.030913,0.042745,-0.036026,-0.033145
1535385096.650175,1803.870483,866.837219,-0.001212,0.043134,-0.037558,-0.038404
1535385096.700021,1804.216797,866.820312,0.012227,0.044926,-0.037939,-0.038900
1535385096.750254,1804.622803,866.867188,-0.013970,0.044481,-0.038243,-0.037270
1535385096.800031,1805.118652,866.890076,0.006199,0.044535,-0.041997,-0.036259
1535385096.850352,1805.426636,866.859375,-0.001709,0.041932,-0.038867,-0.035428
1535385096.900138,1805.842529,866.849487,-0.014193,0.038848,-0.035700,-0.037292
1535385096.950435,1806.215454,866.853516,0.000465,0.039131,-0.035379,-0.037216
1535385097.000206,1806.691040,866.870422,0.006382,0.040733,-0.035643,-0.036979
1535385097.050531,1807.016846,866.869263,-0.022005,0.038929,-0.034351,-0.034136
1535385097.100330,1807.405029,866.866211,-0.017214,0.038193,-0.030202,-0.034201
1535385097.150059,1807.913452,866.848877,-0.113406,0.038410,-0.027338,-0.040575
1535385097.200381,1808.369263,866.877258,-0.125595,0.037460,-0.031514,-0.038069
1535385097.250161,1808.768921,866.886963,-0.113568,0.038453,-0.032247,-0.038593
1535385097.300475,1809.223877,866.899597,-0.110102,0.038614,-0.033981,-0.039040
1535385097.350232,1809.571411,866.906006,-0.117597,0.038303,-0.036075,-0.039952
1535385097.400558,1810.103638,866.909668,-0.102735,0.039372,-0.035423,-0.040791
1535385097.450327,1810.568604,866.904724,-0.108709,0.038339,-0.034944,-0.041158
1535385097.500656,1811.218994,866.917297,-0.119886,0.038576,-0.039344,-0.041069
1535385097.550402,1811.398682,866.856201,-0.159571,0.038871,-0.041404,-0.038925
1535385097.600755,1811.942505,866.849243,-0.184285,0.038348,-0.041125,-0.039229
1535385097.650502,1812.313477,866.846558,-0.178605,0.038633,-0.039000,-0.041983
1535385097.700822,1812.835205,866.867065,-0.148852,0.038327,-0.041293,-0.039692
1535385097.750603,1813.330566,866.887207,-0.028352,0.039852,-0.044371,-0.034682
1535385097.800917,1813.678833,866.889099,0.008061,0.040680,-0.042433,-0.034754
1535385097.850680,1814.112549,866.814209,-0.070770,0.042523,-0.029317,-0.057745
1535385097.901019,1814.380249,866.831848,-0.033466,0.040249,-0.030133,-0.055701
1535385097.950762,1815.685913,866.900208,0.215045,0.042536,-0.021810,-0.053395
1535385098.001107,1816.102173,866.924255,0.205718,0.042535,-0.017621,-0.052226
1535385098.050851,1816.166016,866.926270,0.184375,0.040448,-0.017997,-0.052054
1535385098.101174,1816.272217,866.928284,0.186022,0.037083,-0.018269,-0.051942
1535385098.150940,1816.839844,866.979065,0.169039,0.037023,-0.020203,-0.050948
1535385098.201259,1816.942139,866.968140,0.161885,0.034403,-0.018669,-0.050646
1535385098.251023,1817.537476,866.996277,0.157592,0.035364,-0.020641,-0.051285
1535385098.301369,1817.918823,867.035400,0.125788,0.030294,-0.024901,-0.050952
1535385098.351114,1818.612427,867.091492,0.025769,0.025830,-0.037429,-0.051404
1535385098.400887,1819.155640,867.095886,0.060388,0.026404,-0.036669,-0.052916
1535385098.451201,1819.408936,867.161194,0.023501,0.026861,-0.031397,-0.034988
1535385098.500972,1819.888428,867.208801,0.118344,0.025877,-0.028540,-0.032432
1535385098.551291,1820.519897,867.343933,0.143783,0.029109,-0.021634,-0.029138
1535385098.601074,1821.193604,867.340271,0.125875,0.028676,-0.023432,-0.029024
1535385098.651394,1821.650757,867.367371,0.094828,0.024562,-0.026331,-0.028848
1535385098.701145,1824.636841,867.604187,-0.006922,0.031345,-0.000373,-0.029775
1535385098.750916,1824.882080,867.643372,-0.062663,0.029992,0.001854,-0.025156
1535385098.801236,1826.417603,867.791748,-0.095485,0.024256,0.003366,-0.008842
1535385098.851013,1828.609497,867.815308,-0.075534,0.021826,0.000890,-0.009081
1535385098.900804,1828.981201,867.812500,-0.064709,0.020029,-0.000259,-0.010806
1535385098.951088,1829.373169,867.826294,-0.083132,0.019850,-0.001949,-0.010205
1535385099.000851,1829.840454,867.826782,-0.067951,0.022852,-0.013698,-0.012328
1535385099.050629,1830.230713,867.803467,-0.072388,0.019706,-0.015552,-0.013590
1535385099.100949,1830.635132,867.794189,-0.063227,0.018886,-0.017862,-0.012943
1535385099.150713,1830.991333,867.808838,-0.024736,0.015415,-0.029635,-0.011642
1535385099.200475,1831.460815,867.831299,-0.113563,0.013290,-0.039638,-0.004440
1535385099.250940,1831.810547,867.813843,-0.112843,0.013038,-0.039798,-0.005405
1535385099.300584,1832.236084,867.835510,-0.124238,0.010856,-0.041277,-0.006743
1535385099.350334,1832.644165,867.831604,-0.118160,0.009714,-0.047199,-0.005896
1535385099.400097,1833.083252,867.824707,-0.129792,0.010795,-0.049261,-0.004889
1535385099.450431,1833.542847,867.821228,-0.130843,0.011470,-0.049433,-0.005159
1535385099.500198,1834.041260,867.818420,-0.139233,0.014531,-0.022341,-0.003865
1535385099.549976,1834.402222,867.858826,-0.166135,0.014250,-0.003103,0.004078
1535385099.599771,1834.929443,867.880615,-0.207570,0.017100,0.013581,0.007492
1535385099.650045,1835.310425,867.881470,-0.218461,0.015896,0.013022,0.006337
1535385099.699842,1835.620850,867.864685,-0.191496,0.014309,0.003499,-0.004417
1535385099.749572,1835.915405,867.856812,-0.210036,0.009524,-0.007743,-0.011106
1535385099.799903,1836.346069,867.842163,-0.115726,0.009741,-0.014329,-0.017581
1535385099.849684,1836.672119,867.882935,-0.149437,0.009552,-0.019633,-0.015399
1535385099.899436,1837.066040,867.897522,-0.181322,0.011037,-0.018883,-0.014147
1535385099.949194,1837.524048,867.890198,-0.158029,0.009700,-0.029803,-0.014840
1535385099.999518,1837.924927,867.870789,-0.148073,0.007321,-0.049171,-0.010157
1535385100.049288,1838.324219,867.909485,-0.233090,0.007430,-0.031966,-0.006038
1535385100.099059,1838.819092,867.915710,-0.246520,0.007949,-0.033082,-0.007423
1535385100.148826,1839.180054,867.938477,-0.213157,0.006700,-0.034471,-0.013066
1535385100.199161,1839.573120,867.945557,-0.238758,0.004219,-0.034046,-0.014284
1535385100.248917,1839.923828,867.924561,-0.106096,0.004017,-0.018955,-0.017842
1535385100.298698,1840.344727,867.937805,-0.108874,0.004025,-0.019232,-0.017772
1535385100.348994,1840.753906,867.934692,-0.126253,0.003990,-0.019514,-0.017686
1535385100.398781,1841.131348,867.925537,-0.129424,0.004858,-0.023722,-0.017412
1535385100.448530,1841.585938,867.913574,-0.141109,0.005884,-0.026031,-0.018012
1535385100.498304,1842.142700,867.923950,-0.180867,0.009590,-0.028385,-0.017521
1535385100.548624,1842.635986,867.885986,-0.067206,0.011490,-0.043221,-0.026385
1535385100.598396,1842.956909,867.869568,-0.119199,0.007269,-0.043492,-0.022877
1535385100.648179,1843.289795,867.842529,-0.074155,0.004881,-0.046742,-0.026030
1535385100.698475,1843.830444,867.856445,-0.097029,0.005853,-0.048404,-0.023923
1535385100.748241,1844.102661,867.867432,-0.086827,0.001314,-0.049240,-0.024535
1535385100.798039,1844.516846,867.865784,-0.086716,0.000377,-0.049423,-0.024707
1535385100.848333,1844.953491,867.878235,-0.162691,0.003541,-0.026656,-0.016806
1535385100.898103,1845.483765,867.882202,-0.243480,0.006336,-0.024760,-0.017694
1535385100.947883,1845.930054,867.880188,-0.382098,0.006095,-0.024498,-0.011764
1535385100.998197,1846.318359,867.874573,-0.380206,0.005137,-0.026871,-0.013148
1535385101.047974,1846.762939,867.876648,-0.354555,0.005981,-0.026454,-0.013776
1535385101.098317,1847.287964,867.892212,-0.278368,0.009240,-0.025798,-0.018146
1535385101.148045,1847.693726,867.884216,-0.230242,0.008732,-0.024957,-0.017432
1535385101.197820,1848.152954,867.877197,-0.163984,0.010209,-0.023541,-0.022289
1535385101.248134,1848.459106,867.847717,-0.157612,0.005226,-0.025390,-0.023860
1535385101.297920,1848.921387,867.857422,-0.188336,0.007492,-0.026306,-0.022182
1535385101.348235,1849.318726,867.848755,-0.184840,0.005674,-0.029195,-0.022029
1535385101.398009,1849.772095,867.836304,-0.229475,0.005459,-0.026458,-0.022875
1535385101.447766,1850.104858,867.808411,-0.219533,0.001972,-0.020842,-0.019707
1535385101.498100,1850.542969,867.811279,-0.167087,0.002352,-0.019541,-0.016026
1535385101.547851,1851.001465,867.825256,-0.165629,0.005596,-0.019953,-0.015979
1535385101.597647,1851.460571,867.815186,-0.177494,0.005840,-0.017854,-0.015494
1535385101.647938,1851.898438,867.820618,-0.175102,0.009019,-0.023697,-0.016973
1535385101.698425,1852.244385,867.803223,-0.146249,0.007796,-0.005901,-0.015278
1535385101.748025,1852.687012,867.851135,-0.118631,0.012442,-0.009403,-0.014809
1535385101.797797,1853.152710,867.888489,-0.128137,0.017078,-0.009669,-0.014987
1535385101.847574,1853.546143,867.883728,-0.136904,0.020455,-0.012991,-0.015637
1535385101.897885,1854.061646,867.933960,-0.214500,0.026539,-0.006235,-0.015040
1535385101.947644,1854.346436,867.905151,-0.223341,0.022921,-0.000453,-0.013406
1535385101.997972,1854.617310,867.871826,-0.221833,0.017795,-0.001171,-0.013450
1535385102.047734,1854.973022,867.882935,-0.214436,0.018366,-0.001800,-0.014363
1535385102.098060,1855.348389,867.859253,-0.182011,0.018189,-0.001342,-0.019187
1535385102.147820,1855.815918,867.864868,-0.098627,0.022401,-0.005949,-0.022341
1535385102.197637,1856.225342,867.952087,-0.074958,0.026464,-0.008809,-0.022168
1535385102.247917,1856.545532,867.938904,-0.000094,0.025921,-0.010793,-0.026849
1535385102.297682,1856.821777,867.816589,-0.007613,0.023035,-0.010177,-0.027949
1535385102.348002,1857.282104,867.871582,-0.089621,0.029005,-0.008324,-0.023732
1535385102.397770,1857.653442,867.960144,-0.136631,0.032020,-0.013939,-0.022692
1535385102.447561,1858.036987,868.036560,-0.214633,0.036061,-0.012241,-0.019069
1535385102.497927,1858.394531,868.056274,-0.234508,0.038757,-0.015820,-0.017560
1535385102.547621,1858.597534,868.015259,-0.206050,0.037375,-0.019359,-0.017374
1535385102.597956,1859.045044,868.020691,-0.123938,0.036913,-0.028121,-0.018286
1535385102.647721,1859.296143,868.041870,-0.138519,0.039832,-0.027913,-0.017455
1535385102.697483,1859.742554,868.070312,-0.085347,0.038790,-0.025476,-0.016049
1535385102.747814,1860.076538,868.055664,-0.082488,0.039216,-0.024832,-0.016822
1535385102.797575,1860.338379,868.070618,-0.101589,0.043935,-0.018860,-0.014707
1535385102.847958,1860.673584,868.105469,-0.107483,0.044826,-0.014276,-0.014173
1535385102.897663,1861.004028,868.127991,-0.068719,0.043224,-0.009321,-0.011619
1535385102.947981,1861.307739,868.099792,-0.076808,0.046500,-0.011023,-0.012821
1535385102.997748,1861.663330,868.112976,-0.093233,0.047369,-0.011451,-0.014859
1535385103.047527,1862.012085,868.145264,-0.148363,0.049395,-0.022852,-0.017447
1535385103.097862,1862.345825,868.184998,-0.200272,0.049675,-0.020960,-0.017865
1535385103.147633,1862.636230,868.195190,-0.214196,0.050757,-0.021787,-0.017158
1535385103.197930,1862.956177,868.222290,-0.205670,0.053872,-0.026385,-0.016954
1535385103.247687,1863.312012,868.249878,-0.085244,0.051099,-0.031986,-0.013171
1535385103.297465,1863.648438,868.248291,-0.093040,0.050761,-0.037448,-0.015201
1535385103.347797,1863.940796,868.278809,-0.075562,0.050564,-0.033492,-0.014885
1535385103.397545,1864.252563,868.283569,-0.093961,0.053133,-0.039140,-0.017640
1535385103.447886,1864.520020,868.281921,-0.078663,0.056372,-0.040602,-0.021924
1535385103.497640,1864.754150,868.304443,-0.056598,0.055450,-0.024089,-0.035061
1535385103.548003,1865.015381,868.285278,-0.081996,0.052988,-0.019998,-0.033502
1535385103.597756,1865.353149,868.318604,-0.069849,0.054965,-0.023420,-0.032574
1535385103.648042,1865.690186,868.325745,-0.080089,0.056055,-0.023108,-0.031512
1535385103.697841,1866.044434,868.355713,-0.067335,0.058799,-0.025703,-0.030646
1535385103.748176,1866.382568,868.348389,-0.033636,0.061958,-0.027785,-0.029198
1535385103.797900,1866.734131,868.327881,0.059295,0.059981,-0.036282,-0.028415
1535385103.848240,1867.051392,868.341431,0.032096,0.058584,-0.030566,-0.027624
1535385103.898007,1867.345703,868.396362,0.034690,0.057399,-0.032488,-0.030182
1535385103.948321,1867.683350,868.415833,0.019386,0.057170,-0.033046,-0.031196
1535385103.998085,1867.974609,868.308533,-0.027543,0.054442,-0.029185,-0.030602
1535385104.048400,1868.249756,868.356018,-0.036291,0.054226,-0.029219,-0.029506
1535385104.098192,1868.714355,868.531982,0.012402,0.053223,-0.029006,-0.029758
1535385104.148493,1869.095581,868.610291,-0.061192,0.052496,-0.026723,-0.029532
1535385104.198813,1869.422363,868.559387,-0.065478,0.053440,-0.026912,-0.028056
1535385104.248579,1869.812866,868.576904,-0.079974,0.052993,-0.028541,-0.029801
1535385104.298911,1870.184082,868.611755,-0.061984,0.053295,-0.032674,-0.030812
1535385104.349262,1870.570190,868.636597,-0.057373,0.051575,-0.036004,-0.031304
1535385104.399041,1870.932983,868.611450,-0.105507,0.050838,-0.029903,-0.028387
1535385104.448758,1871.249390,868.625549,-0.091246,0.051289,-0.031583,-0.028984
1535385104.499109,1871.572021,868.684509,0.013898,0.050035,-0.023896,-0.029646
1535385104.548840,1871.880615,868.691162,0.044940,0.050317,-0.016595,-0.029727
1535385104.599186,1872.413208,868.753967,0.077605,0.055511,-0.006349,-0.022161
1535385104.649518,1872.795288,868.766479,0.072882,0.053466,-0.007554,-0.022655
1535385104.699259,1873.238281,868.763489,0.035560,0.052505,-0.012442,-0.024790
1535385104.749594,1873.597656,868.793640,-0.161922,0.052638,0.002885,-0.025541
1535385104.799361,1873.772339,868.771912,-0.189184,0.050538,-0.000163,-0.026546
1535385104.849663,1874.369629,868.809937,-0.224275,0.047809,-0.005903,-0.030375
1535385104.899423,1874.736206,868.802124,-0.209842,0.044141,-0.003176,-0.025861
1535385104.949764,1874.998291,868.633972,-0.255919,0.033663,-0.003933,-0.027807
1535385104.999516,1875.397461,868.664917,-0.246742,0.032512,0.001616,-0.024081
1535385105.049832,1875.809082,868.678894,-0.302905,0.029733,0.001880,-0.024710
1535385105.099611,1876.215576,868.715088,-0.312021,0.028433,0.000639,-0.025819
1535385105.149941,1876.616333,868.733398,-0.336731,0.026040,-0.001337,-0.026038
1535385105.199889,1876.988281,868.936340,-0.431792,0.029546,-0.012808,-0.034000
1535385105.250013,1877.547974,868.871277,-0.177261,0.035175,0.003394,-0.030131
1535385105.299798,1877.860840,868.881897,-0.235320,0.033205,0.008459,-0.023511
1535385105.350101,1878.230591,868.945007,-0.230329,0.032528,0.010827,-0.019509
1535385105.399907,1878.676758,868.924377,-0.325796,0.032137,0.008118,-0.019863
1535385105.450180,1879.145630,868.920776,-0.297039,0.030358,0.007017,-0.022179
1535385105.500513,1879.526123,868.754639,-0.327098,0.019697,0.004871,-0.018589
1535385105.550286,1879.986816,868.721313,-0.283338,0.020520,0.007725,-0.016238
1535385105.600675,1880.558838,868.711548,-0.225895,0.019973,0.008007,-0.019383
1535385105.650370,1880.796875,868.712769,-0.283688,0.014137,0.008271,-0.013667
1535385105.700682,1881.155762,868.750488,-0.271449,0.010670,0.013143,-0.010100
1535385105.750449,1881.452637,868.760437,-0.265857,0.008483,0.014973,-0.012717
1535385105.800789,1881.940796,868.756714,-0.271065,0.014481,0.009419,-0.016239
1535385105.850537,1882.451294,868.731079,-0.311266,0.013316,0.013277,-0.013912
1535385105.900904,1883.034668,868.760559,-0.146783,0.017422,0.013769,-0.022142
1535385105.950634,1883.465332,868.759277,-0.186278,0.017162,0.013046,-0.019798
1535385106.000965,1883.729248,868.739136,-0.222813,0.019251,0.014231,-0.023842
1535385106.051289,1884.206543,868.766479,-0.181684,0.021669,0.014742,-0.023362
1535385106.101073,1884.650879,868.801208,-0.150054,0.020449,0.013434,-0.021805
1535385106.151381,1885.113281,869.056091,-0.230059,0.025754,0.012883,-0.023802
1535385106.201135,1885.661987,869.047241,-0.261283,0.023546,0.015667,-0.014550
1535385106.251474,1885.818726,869.028625,-0.288600,0.020791,0.012459,-0.012881
1535385106.301259,1886.147705,868.987488,-0.249907,0.020949,0.012022,-0.014232
1535385106.351548,1886.928223,869.034424,-0.224913,0.027795,0.018820,-0.006222
1535385106.401301,1887.383423,869.089966,-0.227027,0.028555,0.019702,-0.003676
1535385106.451625,1887.646118,869.110352,-0.212265,0.028309,0.023353,-0.003918
1535385106.501942,1887.991333,868.876404,-0.192671,0.014919,0.022088,-0.004473
1535385106.551706,1888.366455,868.884460,-0.295153,0.017281,0.023299,-0.001592
1535385106.602039,1888.838623,868.875671,-0.162958,0.020125,0.018416,-0.009851
1535385106.651844,1889.274902,868.887329,-0.177149,0.024226,0.015828,-0.008277
1535385106.701560,1889.527588,868.898560,-0.091785,0.024126,0.027685,-0.004539
1535385106.751882,1889.852051,868.891602,-0.177040,0.016473,0.026796,0.000205
1535385106.801666,1890.229980,868.963257,-0.279131,0.012587,0.026169,0.007039
1535385106.851973,1890.718506,868.912537,-0.295141,0.013791,0.026102,0.005444
1535385106.901744,1891.106079,868.858032,-0.274442,0.009200,0.037425,0.008120
1535385106.952072,1891.457764,868.867493,-0.207696,0.006233,0.041595,0.009173
1535385107.001852,1891.854980,868.754272,-0.297065,0.007812,0.041607,0.014744
1535385107.052166,1892.276855,868.797302,-0.316919,0.009521,0.039033,0.015439
1535385107.101921,1892.749756,868.845093,-0.345511,0.012669,0.034936,0.013254
1535385107.152238,1893.103394,868.842102,-0.405987,0.016121,0.036650,0.015821
1535385107.202013,1893.573730,868.845337,-0.419371,0.014344,0.032191,0.012149
1535385107.252328,1893.806885,868.888916,-0.435261,0.008819,0.031807,0.011429
1535385107.302103,1894.283569,868.842224,-0.435720,0.008015,0.031710,0.010640
1535385107.352444,1894.604736,868.858582,-0.471822,0.008341,0.037301,0.012710
1535385107.402198,1895.081543,868.874939,-0.462970,0.007519,0.038632,0.009845
1535385107.452513,1895.551880,868.879517,-0.363751,0.010867,0.038776,0.003050
1535385107.502283,1896.149048,868.863708,-0.382014,0.014338,0.034638,0.001696
1535385107.552059,1896.563843,868.868896,-0.340421,0.014642,0.037825,0.001379
1535385107.602368,1896.811401,868.839661,-0.476848,0.007825,0.040471,0.006057
1535385107.652128,1897.264160,868.822327,-0.394133,0.008436,0.042217,0.001527
1535385107.752235,1898.134155,868.867493,-0.460272,0.010226,0.039878,0.003987
1535385107.802004,1898.530762,868.827759,-0.375783,0.007646,0.038863,-0.000177
1535385107.852300,1898.948975,868.805237,-0.353968,0.006931,0.037525,-0.001599
1535385107.902080,1899.476074,868.831482,-0.297676,0.008315,0.025644,-0.003633
1535385107.953148,1899.975220,868.859070,-0.309831,0.008865,0.021819,-0.001483
1535385108.002151,1900.325439,868.797974,-0.286302,0.004562,0.019405,-0.002685
1535385108.054162,1900.829956,868.835449,-0.320787,0.007408,0.022056,-0.001740
1535385108.102286,1901.211304,868.830933,-0.318075,0.005203,0.022021,-0.003403
1535385108.152015,1901.909302,868.988892,-0.315894,0.013333,0.013914,-0.002986
1535385108.201802,1902.237305,868.827637,-0.302916,0.009248,0.016230,-0.007587
1535385108.252099,1902.623169,868.826843,-0.320594,0.007643,0.015338,-0.008225
1535385108.301881,1903.224609,868.882690,-0.291922,0.012765,0.015912,-0.010147
1535385108.352214,1903.631226,868.819763,-0.154713,0.010210,0.012558,-0.017907
1535385108.401959,1904.033936,868.843750,-0.266281,0.009262,0.012470,-0.013889
1535385108.451734,1904.522461,868.847534,-0.312210,0.010874,0.011037,-0.015112
1535385108.502044,1905.005127,868.855835,-0.341915,0.011931,0.013358,-0.016561
1535385108.551808,1905.489258,868.928955,-0.467145,0.014323,0.013213,-0.008866
1535385108.601580,1905.956665,868.946838,-0.598266,0.015014,0.013664,-0.001766
1535385108.651902,1906.401855,868.949585,-0.702356,0.015425,0.011136,0.001288
1535385108.701687,1906.916748,868.937134,-0.703147,0.016312,-0.000612,-0.002126
1535385108.751433,1907.292358,868.873718,-0.486149,0.013115,-0.002674,-0.019837
1535385108.801198,1907.619629,868.961487,-0.471182,0.014385,-0.006410,-0.023647
1535385108.851518,1908.038452,869.051697,-0.469929,0.010586,-0.009009,-0.024774
1535385108.901283,1908.557861,868.991150,-0.483189,0.008351,-0.008965,-0.024575
1535385108.951051,1908.929443,869.061279,-0.527324,0.010358,-0.010135,-0.025185
1535385109.001382,1909.345703,869.092468,-0.588785,0.010756,-0.008803,-0.025584
1535385109.051150,1909.744995,869.148621,-0.698806,0.011264,-0.017945,-0.018340
1535385109.100965,1910.219971,869.193420,-0.665950,0.010887,-0.022782,-0.018444
1535385109.154045,1910.652588,869.221985,-0.636751,0.011586,-0.024596,-0.019603
1535385109.200994,1911.109375,869.136963,-0.661076,0.008418,-0.029590,-0.015429
1535385109.250761,1911.661987,869.080261,-0.469575,0.008686,-0.018053,-0.021678
1535385109.301111,1912.257080,868.915771,-0.480594,0.020412,-0.018073,-0.015119
1535385109.350854,1912.483276,868.828247,-0.438783,0.014125,-0.020553,-0.013885
1535385109.400618,1913.062500,868.930969,-0.469726,0.019811,-0.017059,-0.019389
1535385109.450380,1913.379761,868.794250,-0.483943,0.016749,-0.015123,-0.016093
1535385109.500707,1913.786743,868.804016,-0.468427,0.018174,-0.013595,-0.017596
1535385109.550475,1914.260986,868.961243,-0.465618,0.017530,-0.015596,-0.009584
1535385109.600263,1914.702271,868.985657,-0.432828,0.019435,-0.019635,-0.011100
1535385109.650025,1914.970337,869.070496,-0.395029,0.016021,-0.020410,-0.009687
1535385109.700355,1915.450928,869.133179,-0.378802,0.018067,-0.021222,-0.011111
1535385109.750096,1916.032837,869.155762,-0.255007,0.021449,-0.008250,-0.017210
1535385109.799868,1916.485596,869.174561,-0.280289,0.021232,-0.013364,-0.015554
1535385109.849646,1916.943481,869.161682,-0.284935,0.022059,-0.011560,-0.017132
1535385109.899957,1917.378052,869.094910,-0.333705,0.020059,-0.013507,-0.015457
1535385109.949724,1917.805298,869.147278,-0.358858,0.021121,-0.015562,-0.013458
1535385109.999515,1918.066772,869.190186,-0.381700,0.019080,-0.015956,-0.014397
1535385110.049809,1918.394531,869.223145,-0.383293,0.017196,-0.020183,-0.013744
1535385110.099584,1919.025269,869.159729,-0.294167,0.021468,-0.026382,-0.013124
1535385110.149373,1919.622681,869.008057,-0.259604,0.024102,-0.027747,-0.014924
1535385110.199108,1919.947754,869.063049,-0.288293,0.026051,-0.024659,-0.016269
1535385110.249425,1920.293091,869.090210,-0.310843,0.023515,-0.021469,-0.017653
1535385110.299200,1920.669312,869.105713,-0.243884,0.022285,-0.018523,-0.021384
1535385110.348966,1921.256714,869.052856,-0.274547,0.027822,-0.010814,-0.025623
1535385110.399289,1921.627075,869.189026,-0.239711,0.026121,-0.009129,-0.024210
1535385110.449087,1922.022583,869.209534,-0.238452,0.024379,-0.009503,-0.023592
1535385110.498826,1922.585083,869.302612,-0.287515,0.030212,-0.010847,-0.024772
1535385110.549160,1923.030518,869.220886,-0.320972,0.031389,-0.012315,-0.025428
1535385110.598946,1923.415894,869.231812,-0.278090,0.029159,-0.013999,-0.026199
1535385110.648701,1923.821289,869.097839,-0.280145,0.027108,-0.016486,-0.019916
1535385110.699004,1924.295654,869.192749,-0.297024,0.027467,-0.025604,-0.016411
1535385110.748802,1924.833618,869.355957,-0.248492,0.029591,-0.032851,-0.014881
1535385110.799142,1925.274780,869.332336,-0.247049,0.033194,-0.033272,-0.015058
1535385110.850269,1925.751709,869.237183,-0.264386,0.034078,-0.032887,-0.014236
1535385110.898642,1926.284668,869.216919,-0.255568,0.035790,-0.029267,-0.014933
1535385110.948962,1926.682007,869.114319,-0.261828,0.034172,-0.025588,-0.017038
1535385110.998720,1927.092285,869.142029,-0.232895,0.035246,-0.025204,-0.017027
1535385111.049039,1927.521484,869.358826,-0.275214,0.040881,-0.033060,-0.015819
1535385111.098831,1927.993286,869.394836,-0.315592,0.044009,-0.036046,-0.018212
1535385111.148586,1928.421143,869.477966,-0.293177,0.042020,-0.035369,-0.015343
1535385111.198888,1928.882812,869.445190,-0.326887,0.039286,-0.037553,-0.014710
1535385111.248657,1929.050659,869.362366,-0.409488,0.034740,-0.041528,-0.017894
1535385111.298989,1929.439209,869.346252,-0.419625,0.036755,-0.040110,-0.019425
1535385111.348736,1929.968994,869.762939,-0.293968,0.040167,-0.038965,-0.011992
1535385111.399057,1930.325317,869.804199,-0.255222,0.040795,-0.040654,-0.010874
1535385111.448839,1930.648438,869.813477,-0.260033,0.040255,-0.041444,-0.010921
1535385111.498607,1931.020264,869.768982,-0.276460,0.039899,-0.034384,-0.008725
1535385111.549032,1931.660156,869.603455,-0.303992,0.038945,-0.031672,-0.008910
1535385111.598689,1932.323853,869.551331,-0.344068,0.040736,-0.030170,-0.007269
1535385111.649001,1932.670776,869.505676,-0.341369,0.037660,-0.033935,-0.008418
1535385111.698767,1933.210205,869.502869,-0.286176,0.039644,-0.035311,-0.010560
1535385111.749129,1933.679932,869.637024,-0.258774,0.040482,-0.032644,-0.010576
1535385111.798854,1933.975464,869.863281,-0.210941,0.037225,-0.023731,-0.007434
1535385111.849174,1934.393921,869.847412,-0.172933,0.035617,-0.024653,-0.008415
1535385111.898974,1934.865479,869.823792,-0.123842,0.037657,-0.022034,-0.010252
1535385111.949270,1935.497803,869.664307,-0.076113,0.039412,-0.015729,-0.008551
