1532708583.048155000,743.6951904296875,1530.388916015625,0.0,-0.6378041001319341,9.455273443601903e-05,-0.02108980925199465
1532708583.097898000,743.8218383789062,1530.2950439453125,0.0,-0.6438532788873634,0.00017166273687876766,-0.0213119306916125
1532708583.148241000,743.9611206054688,1530.1893310546875,0.0,-0.650320379267201,0.00010499157700752145,-0.021195843584056847
1532708583.197988000,744.0968017578125,1530.08544921875,0.0,-0.6563586114781768,0.00018314748526930915,-0.0206901678908914
1532708583.247750000,744.2235107421875,1529.9873046875,0.0,-0.6619841930755709,0.0002621622928068185,-0.02037287875511691
1532708583.298082000,744.3518676757812,1529.887451171875,0.0,-0.6674913972987854,2.3465064655420754e-05,-0.020886196486972135
1532708583.347873000,744.4799194335938,1529.7860107421875,0.0,-0.6730923946594405,2.2390387461385558e-05,-0.02112977857872382
1532708583.398166000,744.6087646484375,1529.6824951171875,0.0,-0.6784753047585611,6.170922550188049e-05,-0.020311274072180672
1532708583.447917000,744.7374877929688,1529.5771484375,0.0,-0.6837224221567626,3.550120071768547e-05,-0.019380657555974456
1532708583.500343000,744.8672485351562,1529.4697265625,0.0,-0.6886803991468153,0.00019908329361573908,-0.018791115293766817
1532708583.548022000,744.996826171875,1529.3619384765625,0.0,-0.6926364754955571,0.0003483249114916165,-0.018199972867848007
1532708583.597872000,745.1305541992188,1529.2496337890625,0.0,-0.6968688541852327,0.000842531158207116,-0.01759520444370498
1532708583.647559000,745.2572631835938,1529.14404296875,0.0,-0.7001136019660573,0.0012622119629689655,-0.016679736626632247
1532708583.697862000,745.3887329101562,1529.0338134765625,0.0,-0.7032693349474451,0.001248726820709855,-0.016597088921618722
1532708583.747638000,745.513671875,1528.9278564453125,0.0,-0.7060537150564113,0.0013844793443349023,-0.017228793638786363
1532708583.797947000,745.6476440429688,1528.813720703125,0.0,-0.7086358887512824,0.0010249148354292243,-0.017726446761773637
1532708583.847711000,745.7803955078125,1528.6993408203125,0.0,-0.7113096308989048,0.00036562318970248043,-0.018817930390744635
1532708583.898055000,745.91259765625,1528.584716796875,0.0,-0.7139271268230816,-0.00010693926697538207,-0.02024653830114781
1532708583.947837000,746.0494995117188,1528.4647216796875,0.0,-0.7168718370961752,-0.0004652872466368818,-0.020707667662015535
1532708583.997566000,746.19189453125,1528.3394775390625,0.0,-0.7200018830197186,-0.0003627761455059558,-0.020753912066320587
1532708584.047893000,746.3251342773438,1528.2200927734375,0.0,-0.7231822459412108,0.00011470745698816814,-0.021079782667928832
1532708584.097659000,746.459228515625,1528.09912109375,0.0,-0.7263773577968846,0.0002499388266246846,-0.02145361469805665
1532708584.147978000,746.5977783203125,1527.976318359375,0.0,-0.7291310106168153,-6.60410478025455e-06,-0.02120162194119374
1532708584.197734000,746.7406005859375,1527.8472900390625,0.0,-0.7323549834601059,-0.000403357889261033,-0.020094933004630885
1532708584.248061000,746.8806762695312,1527.718994140625,0.0,-0.7357043126060746,-0.0009905178955793741,-0.01853839917713911
1532708584.297827000,747.0145263671875,1527.5960693359375,0.0,-0.7389237549073957,-0.0016590385460702659,-0.017372838908582298
1532708584.348143000,747.150390625,1527.4697265625,0.0,-0.7418593174994056,-0.002386044815684367,-0.016301299876510512
1532708584.397911000,747.278564453125,1527.3492431640625,0.0,-0.7453079170474606,-0.0027448429631779826,-0.01502369664240767
1532708584.447676000,747.4127807617188,1527.223388671875,0.0,-0.7483951277150911,-0.00289623341266084,-0.013650918848126779
1532708584.497996000,747.5479125976562,1527.0955810546875,0.0,-0.7514490352759987,-0.002468559558649775,-0.012682347186186294
1532708584.547758000,747.6758422851562,1526.972412109375,0.0,-0.7542599941542343,-0.0016578480872576438,-0.012701217537063476
1532708584.598800000,747.8172607421875,1526.8382568359375,0.0,-0.7563974842372819,-0.0009164461218576834,-0.013311706458674473
1532708584.647882000,747.956787109375,1526.704345703125,0.0,-0.7585205276669708,-7.959147263276501e-05,-0.013302831940920815
1532708584.698166000,748.09521484375,1526.5704345703125,0.0,-0.7606720996206419,-8.269440254601563e-06,-0.012959352523139662
1532708584.751913000,748.2373657226562,1526.432373046875,0.0,-0.7626821130077868,0.00015380470955756776,-0.012572221794787649
1532708584.798271000,748.3570556640625,1526.3154296875,0.0,-0.764223167463388,0.000293422867748424,-0.012793934854089627
1532708584.848018000,748.4951782226562,1526.1822509765625,0.0,-0.7656181371433524,0.00043628087622954415,-0.013241265247835036
1532708584.897787000,748.628662109375,1526.0523681640625,0.0,-0.7671138435460484,0.000516591670640645,-0.012991506095556984
1532708584.948114000,748.7589111328125,1525.9251708984375,0.0,-0.7682267387007465,0.0007337439689097007,-0.012189626616536175
1532708584.997881000,748.8978881835938,1525.7896728515625,0.0,-0.7685077665728991,0.0009337650514119934,-0.011476597408941316
1532708585.050877000,749.0393676757812,1525.65087890625,0.0,-0.7692152535739931,0.0018926269070396505,-0.011147587403749236
1532708585.098121000,749.172607421875,1525.5228271484375,0.0,-0.7695748580311744,0.0027464532501170805,-0.010723147315399542
1532708585.149319000,749.3053588867188,1525.391357421875,0.0,-0.7701516718469964,0.003497770481104667,-0.009863010111903174
1532708585.198057000,749.4306030273438,1525.2686767578125,0.0,-0.770624546087051,0.004031360562766883,-0.009206233878972785
1532708585.247876000,749.5614013671875,1525.14013671875,0.0,-0.7709215667942206,0.004632614717893234,-0.009078383154510282
1532708585.298270000,749.6932373046875,1525.01123046875,0.0,-0.770607456679458,0.005050914407935886,-0.009306326729130126
1532708585.347894000,749.8245239257812,1524.88134765625,0.0,-0.7706812144713575,0.005210163241517503,-0.009447852290775459
1532708585.398227000,749.9568481445312,1524.7513427734375,0.0,-0.7703843123459814,0.005321042031064034,-0.009417743120226607
1532708585.448000000,750.087890625,1524.6220703125,0.0,-0.7706493918291945,0.005731913115880081,-0.009423636084869721
1532708585.498308000,750.222412109375,1524.489501953125,0.0,-0.7708924842330988,0.005753341659688986,-0.00976768487476401
1532708585.548065000,750.3507080078125,1524.36279296875,0.0,-0.770533212240236,0.005620186951446434,-0.010350717231827074
1532708585.598460000,750.48193359375,1524.2330322265625,0.0,-0.7704020417253306,0.005498095324493774,-0.011027298963558639
1532708585.648150000,750.6082763671875,1524.1087646484375,0.0,-0.7703911205361794,0.005148275703848513,-0.011644213249924984
1532708585.698497000,750.7348022460938,1523.9842529296875,0.0,-0.7702991052753179,0.004734967232472577,-0.012031129408761746
1532708585.748254000,750.8657836914062,1523.8580322265625,0.0,-0.7693597047744166,0.004410231665977979,-0.012017944188072534
1532708585.799870000,750.9854736328125,1523.7412109375,0.0,-0.7691254109115178,0.004518725662570437,-0.01193374721547775
1532708585.848322000,751.0990600585938,1523.6317138671875,0.0,-0.7687496411568469,0.004467244121107104,-0.012069308772768609
1532708585.898657000,751.2149658203125,1523.5186767578125,0.0,-0.7685161586180541,0.004393938544509609,-0.012577565139980021
1532708585.950382000,751.3263549804688,1523.4090576171875,0.0,-0.7684411735077588,0.0042823874647778615,-0.013062614676329161
1532708585.998205000,751.433837890625,1523.3038330078125,0.0,-0.7686436772850341,0.004075698767620007,-0.013483259116721814
1532708586.048547000,751.5438842773438,1523.1943359375,0.0,-0.7685489835675,0.003722573650121092,-0.014012143552998645
1532708586.098271000,751.652587890625,1523.0865478515625,0.0,-0.7683117258910234,0.0032966010157922374,-0.014381150173841171
1532708586.148598000,751.7633666992188,1522.978515625,0.0,-0.7679308943903254,0.003168568284589588,-0.014711371474363015
1532708586.198362000,751.8660888671875,1522.87451171875,0.0,-0.7677628395714654,0.0033583195106094716,-0.014821029050806369
1532708586.248688000,751.9774169921875,1522.7652587890625,0.0,-0.7674218741417572,0.0034206681080005126,-0.01450641602597507
1532708586.298449000,752.07861328125,1522.6656494140625,0.0,-0.7669138385601303,0.0033294662425588806,-0.013844917752156759
1532708586.348765000,752.1871948242188,1522.55810546875,0.0,-0.7667754520567629,0.00330591539976234,-0.013349455706918223
1532708586.398535000,752.298095703125,1522.4495849609375,0.0,-0.7666061156757281,0.003020347637723344,-0.012911555672527636
1532708586.448324000,752.4000244140625,1522.34619140625,0.0,-0.7665717336783738,0.0025758983973232286,-0.012344714389697569
1532708586.498617000,752.4979858398438,1522.248779296875,0.0,-0.7660020119714465,0.0022933344664803107,-0.011645281279834399
1532708586.548421000,752.5914916992188,1522.154052734375,0.0,-0.7656816805601117,0.0017754101883997759,-0.010979824029833635
1532708586.598706000,752.6946411132812,1522.052490234375,0.0,-0.7655096455622958,0.001392734569377334,-0.010466031301567284
1532708586.652106000,752.7960815429688,1521.952392578125,0.0,-0.7649337433698238,0.0012010160535242747,-0.010082624810786079
1532708586.698823000,752.869873046875,1521.876953125,0.0,-0.7646716620876242,0.0010999831140749376,-0.010000067584263523
1532708586.748568000,752.955078125,1521.79150390625,0.0,-0.7642840361839826,0.0007685484321473359,-0.010056266789305749
1532708586.798892000,753.0447998046875,1521.7030029296875,0.0,-0.7636867806357458,0.00031995957494621084,-0.010165999198002937
1532708586.851936000,753.1295776367188,1521.6192626953125,0.0,-0.7633144290959489,-0.0001082943848392686,-0.010420231430778347
1532708586.898414000,753.2008666992188,1521.5484619140625,0.0,-0.7629541872890323,-0.00014731205113158755,-0.010473807022892214
1532708586.948759000,753.2750854492188,1521.477294921875,0.0,-0.7621199253458643,8.922960253543003e-05,-0.010283488039476017
1532708586.998900000,753.349609375,1521.40380859375,0.0,-0.7616948424109549,0.0001629432849655297,-0.009996520188156544
1532708587.048814000,753.4202270507812,1521.333251953125,0.0,-0.7614960359504067,0.00023485294799534238,-0.009807202508078549
1532708587.099237000,753.4929809570312,1521.2615966796875,0.0,-0.7610953599442148,7.502521641689115e-06,-0.009398449511489076
1532708587.148453000,753.5579223632812,1521.1971435546875,0.0,-0.7609582057353611,-0.0001037013322196469,-0.009029766325897644
1532708587.198700000,753.62646484375,1521.1273193359375,0.0,-0.7608962335734321,-0.0004244187457238505,-0.00867469215075772
1532708587.248443000,753.6962890625,1521.0572509765625,0.0,-0.7604760533780195,-0.0008012955344218663,-0.008355795517496743
1532708587.300027000,753.7659301757812,1520.987548828125,0.0,-0.7599385352090556,-0.0011479083651402622,-0.00788431592351106
1532708587.348528000,753.8300170898438,1520.923828125,0.0,-0.7595158125164113,-0.0014047688016949943,-0.007529255572491578
1532708587.400206000,753.8994140625,1520.8546142578125,0.0,-0.7590845029002473,-0.001673335529985755,-0.00727009945986285
1532708587.448610000,753.9667358398438,1520.7900390625,0.0,-0.7587156975584451,-0.0018153575143149557,-0.0070266883006771695
1532708587.498367000,754.032470703125,1520.7252197265625,0.0,-0.7584755405346916,-0.0019152481491015595,-0.006852299581936325
1532708587.548135000,754.0977172851562,1520.6607666015625,0.0,-0.7583126715416469,-0.001987812598493274,-0.006700709448561347
1532708587.598468000,754.1633911132812,1520.5968017578125,0.0,-0.7579244300520356,-0.0019440459878989297,-0.006280151396293827
1532708587.648236000,754.2289428710938,1520.5330810546875,0.0,-0.7573624983127788,-0.002018944059356051,-0.005602321893983573
1532708587.698903000,754.2996215820312,1520.46435546875,0.0,-0.756885934823914,-0.0022098333958115845,-0.004894259815363557
1532708587.748324000,754.3680419921875,1520.39794921875,0.0,-0.7564308257126577,-0.002336428668922238,-0.004365640372402999
1532708587.798101000,754.43603515625,1520.3321533203125,0.0,-0.7560094505980445,-0.002365322135755032,-0.004044192258067844
1532708587.848399000,754.4969482421875,1520.272216796875,0.0,-0.7558264138340193,-0.0023940514945037716,-0.003912278214873891
1532708587.898176000,754.5597534179688,1520.2108154296875,0.0,-0.7556635437857373,-0.0023025295915730733,-0.0038845887153725633
1532708587.947931000,754.6314697265625,1520.1427001953125,0.0,-0.7553886672228275,-0.0022288158144253803,-0.003917888157661919
1532708587.998255000,754.7003784179688,1520.0772705078125,0.0,-0.7547844154995713,-0.0023555846288573533,-0.0036947066766472715
1532708588.048039000,754.7679443359375,1520.0133056640625,0.0,-0.7540714930198964,-0.002518361774030458,-0.0033048454582663756
1532708588.098358000,754.8333129882812,1519.9508056640625,0.0,-0.753702248206257,-0.002738099347314793,-0.002800628641642111
1532708588.148102000,754.8986206054688,1519.888427734375,0.0,-0.7534724548575235,-0.002877140018007751,-0.0022831755714717117
1532708588.197891000,754.9642333984375,1519.8251953125,0.0,-0.7532600548685033,-0.003239921742340586,-0.0015411150200472068
1532708588.248261000,755.0272216796875,1519.764892578125,0.0,-0.7530577232935363,-0.0034110777840317317,-0.0005629814429694971
1532708588.298974000,755.087646484375,1519.7073974609375,0.0,-0.7527901144551883,-0.003428709537538218,0.0002939626317976301
1532708588.347886000,755.1473999023438,1519.6507568359375,0.0,-0.7524770986894735,-0.0034851843948092843,0.000854610792528558
1532708588.398044000,755.2146606445312,1519.5867919921875,0.0,-0.7523259101150561,-0.003679019059671854,0.0013619945755127115
1532708588.455245000,755.2909545898438,1519.514404296875,0.0,-0.7521947040866769,-0.004008267684633706,0.0018373487702664222
1532708588.498124000,755.3485717773438,1519.458740234375,0.0,-0.7520672092464235,-0.004134920565481166,0.0018632398497574027
1532708588.548024000,755.415283203125,1519.3946533203125,0.0,-0.7519052345151622,-0.004098660611950878,0.0018582173944004475
1532708588.597661000,755.4815673828125,1519.3314208984375,0.0,-0.7516329673877907,-0.003756336969688432,0.0020530658898946217
1532708588.647993000,755.5482788085938,1519.2679443359375,0.0,-0.7511901399102625,-0.0035811003148816236,0.0023881938435491457
1532708588.697773000,755.614501953125,1519.2049560546875,0.0,-0.7506661225361966,-0.0038236973955506864,0.002694898460311893
1532708588.747548000,755.6798706054688,1519.1429443359375,0.0,-0.7501518284763985,-0.00416435885699239,0.002978487946666402
1532708588.797841000,755.7455444335938,1519.0802001953125,0.0,-0.7498934610481076,-0.004586439811541535,0.0032406872045605294
1532708588.847596000,755.809814453125,1519.0191650390625,0.0,-0.7497258773557817,-0.004911538935503843,0.003526735374209975
1532708588.897927000,755.877197265625,1518.9547119140625,0.0,-0.7495512130248949,-0.005056090244117846,0.003790275353377116
1532708588.947679000,755.943603515625,1518.89111328125,0.0,-0.7492282421614236,-0.004998955891442337,0.004010616439660746
1532708588.998011000,756.007080078125,1518.8302001953125,0.0,-0.7487895098004744,-0.004952816897662844,0.0043770935448822846
1532708589.047775000,756.0679931640625,1518.77197265625,0.0,-0.7482961339239131,-0.005022695402124566,0.004886166420490322
1532708589.097540000,756.1262817382812,1518.71533203125,0.0,-0.7478730534790764,-0.005267664288816314,0.005397411195218762
1532708589.147866000,756.18505859375,1518.6583251953125,0.0,-0.7475603515718892,-0.005401538526344666,0.005725001471742381
1532708589.197623000,756.2412719726562,1518.6038818359375,0.0,-0.7474198352286823,-0.005681955377833328,0.005897593980704873
1532708589.247943000,756.2974243164062,1518.549560546875,0.0,-0.7473874986064751,-0.006053959904212282,0.006133464443424446
1532708589.297733000,756.3565673828125,1518.4925537109375,0.0,-0.7469551013763248,-0.006391488843802089,0.00642373152425041
1532708589.347477000,756.4147338867188,1518.4365234375,0.0,-0.7464723553647269,-0.006762931688882704,0.006675427877258534
1532708589.397794000,756.4724731445312,1518.3804931640625,0.0,-0.7460982469210856,-0.007046207061516878,0.006968505744344086
1532708589.447557000,756.5292358398438,1518.32568359375,0.0,-0.7454443956797996,-0.007275107161720578,0.007234474703307756
1532708589.497880000,756.58642578125,1518.270751953125,0.0,-0.7446416628432788,-0.007495083243073356,0.007468513949020038
1532708589.547644000,756.642333984375,1518.2169189453125,0.0,-0.7436689565612388,-0.007734995413506615,0.007592831281046965
1532708589.597413000,756.697265625,1518.164306640625,0.0,-0.7425273155237323,-0.007954349664428312,0.007882127075475545
1532708589.647729000,756.7525024414062,1518.11181640625,0.0,-0.7414502060002371,-0.008020759002700394,0.00826054381912903
1532708589.697495000,756.8068237304688,1518.060791015625,0.0,-0.7408614829937425,-0.008020384364412632,0.00878147392114601
1532708589.747256000,756.8602905273438,1518.0103759765625,0.0,-0.7403533320769414,-0.007982088348680198,0.009274752997000538
1532708589.797589000,756.9121704101562,1517.9617919921875,0.0,-0.739890959769809,-0.007984981806241707,0.009514474415514012
1532708589.847349000,756.963623046875,1517.9136962890625,0.0,-0.7393115951455876,-0.008093285715126821,0.009662805229702871
1532708589.897676000,757.019775390625,1517.8612060546875,0.0,-0.7386152092420335,-0.007951913646209322,0.009987466939543901
1532708589.947446000,757.0740356445312,1517.8104248046875,0.0,-0.737842903164967,-0.007899353859431997,0.010266651353199893
1532708589.997200000,757.1305541992188,1517.7581787109375,0.0,-0.7369007055691267,-0.007788146519259415,0.010370941199980567
1532708590.047512000,757.1859130859375,1517.707275390625,0.0,-0.7360809698958597,-0.007690546453911819,0.010209736857069314
1532708590.097272000,757.239990234375,1517.656494140625,0.0,-0.7356226188917189,-0.007706244989627343,0.010027986324376239
1532708590.147042000,757.2926635742188,1517.607177734375,0.0,-0.7351287198911624,-0.008019647863590265,0.009896674233893912
1532708590.197366000,757.3391723632812,1517.5633544921875,0.0,-0.734489827033999,-0.008282798534131624,0.009772181625865507
1532708590.247121000,757.3855590820312,1517.5198974609375,0.0,-0.7337863654874673,-0.008541407373016882,0.00970059163583251
1532708590.297444000,757.4292602539062,1517.478759765625,0.0,-0.7330973422631564,-0.008453913024449122,0.009754114831343828
1532708590.347211000,757.4727172851562,1517.4378662109375,0.0,-0.7323957708783476,-0.008422119452113418,0.009847484189075436
1532708590.396983000,757.5181274414062,1517.395263671875,0.0,-0.7317713666679881,-0.008425122794205474,0.009928076484163228
1532708590.447299000,757.5616455078125,1517.3551025390625,0.0,-0.7311184337174401,-0.008608767929673307,0.010108916315776794
1532708590.497075000,757.6024780273438,1517.3177490234375,0.0,-0.7304606947052975,-0.008882842228123317,0.010322640779196713
1532708590.547406000,757.6443481445312,1517.2794189453125,0.0,-0.7297983451659146,-0.009179077170510601,0.010343031183380693
1532708590.597150000,757.6847534179688,1517.2421875,0.0,-0.7293225472490161,-0.009422302731613917,0.01019676958975717
1532708590.646916000,757.7252807617188,1517.2049560546875,0.0,-0.7286606197805586,-0.009654605565120855,0.010063728403651544
1532708590.697242000,757.76611328125,1517.1676025390625,0.0,-0.7278546110885997,-0.009700086771397203,0.010021552554899496
1532708590.747003000,757.8098754882812,1517.1280517578125,0.0,-0.7269674792309735,-0.009778411532728515,0.010064912860978359
1532708590.797324000,757.8569946289062,1517.0855712890625,0.0,-0.7260642758396085,-0.009845922830258482,0.009910044503097555
1532708590.847103000,757.9002685546875,1517.0465087890625,0.0,-0.7254998809123603,-0.009999261247679758,0.009821582640936381
1532708590.896859000,757.940673828125,1517.010009765625,0.0,-0.7251911061281814,-0.010179669795001178,0.009961866609841462
1532708590.953062000,757.9884033203125,1516.966552734375,0.0,-0.7246256635405776,-0.010377257628065621,0.010221696862909416
1532708590.996946000,758.026611328125,1516.9317626953125,0.0,-0.7240829831680566,-0.010221164208189082,0.010383469860302414
1532708591.047285000,758.0691528320312,1516.89306640625,0.0,-0.72337982962419,-0.010063913651177885,0.010526174726005583
1532708591.097049000,758.110107421875,1516.856201171875,0.0,-0.7226933443482273,-0.00996192146617934,0.010498469332015507
1532708591.146801000,758.1503295898438,1516.8199462890625,0.0,-0.7220764160795974,-0.00990565246835124,0.010436191773987098
1532708591.197116000,758.1864624023438,1516.7872314453125,0.0,-0.7217237831560714,-0.00992676923205241,0.010300922461649847
1532708591.246891000,758.2225952148438,1516.754638671875,0.0,-0.7214068116446666,-0.009848347307331518,0.010212009773468438
1532708591.297533000,758.25927734375,1516.7215576171875,0.0,-0.7211008083883167,-0.009616754873406184,0.010219337168674458
1532708591.346970000,758.29541015625,1516.6890869140625,0.0,-0.7207045833744067,-0.0093284505472119,0.010159956165055262
1532708591.397259000,758.3323974609375,1516.6558837890625,0.0,-0.7202690772866231,-0.009072906759699618,0.010157519002425196
1532708591.447060000,758.3681640625,1516.623779296875,0.0,-0.7199692913531199,-0.00883446892745486,0.010233398571746453
1532708591.496837000,758.4033203125,1516.59228515625,0.0,-0.7197346866339029,-0.008805103887457812,0.010466073858979285
1532708591.547136000,758.4364013671875,1516.562744140625,0.0,-0.7195057236461064,-0.008844980721811065,0.010658678390308816
1532708591.596913000,758.4686279296875,1516.5341796875,0.0,-0.7192620086304673,-0.008903916938410358,0.010781669599050681
1532708591.647223000,758.5006103515625,1516.5057373046875,0.0,-0.7189931105235734,-0.008862624863495996,0.010815934651061407
1532708591.697003000,758.5255737304688,1516.4833984375,0.0,-0.7188614297356881,-0.008793051789010135,0.010785336110779017
1532708591.747321000,758.550537109375,1516.4609375,0.0,-0.7187474752876651,-0.008732204916052255,0.010783256803495251
1532708591.797073000,758.575927734375,1516.438232421875,0.0,-0.7185547214394087,-0.008732731460986413,0.010812066207821385
1532708591.847403000,758.6022338867188,1516.414306640625,0.0,-0.7183056478945721,-0.008655572245134531,0.010865763268359833
1532708591.897193000,758.6278686523438,1516.3909912109375,0.0,-0.7180328527964508,-0.008602651211200914,0.010921646161594138
1532708591.947069000,758.6533813476562,1516.367919921875,0.0,-0.7177419597466862,-0.00853251531322329,0.010983718064823195
1532708591.997270000,758.6775512695312,1516.3460693359375,0.0,-0.7174504479631747,-0.008472421218752383,0.011200580903294444
1532708592.047017000,758.7010498046875,1516.3248291015625,0.0,-0.7173744036474108,-0.008373850546814388,0.011395302496136794
1532708592.097356000,758.724609375,1516.3035888671875,0.0,-0.7173170777605752,-0.008310506535631723,0.011648149991634143
1532708592.147099000,758.7476196289062,1516.2821044921875,0.0,-0.7172816160683672,-0.008345625194691376,0.011981869823373528
1532708592.197438000,758.7703857421875,1516.2611083984375,0.0,-0.7171914957052626,-0.008360216701657252,0.012274922479843837
1532708592.247187000,758.7919921875,1516.2412109375,0.0,-0.7170272224276623,-0.008319694129148883,0.012460492420575193
1532708592.297542000,758.8132934570312,1516.2215576171875,0.0,-0.7167857576847055,-0.008216959544609955,0.012491129077720398
1532708592.347289000,758.8280029296875,1516.20751953125,0.0,-0.7165362310282022,-0.008158274082338596,0.012472682825822062
1532708592.397598000,758.8441772460938,1516.192138671875,0.0,-0.7163356246944766,-0.008155932835819299,0.01243341227518936
1532708592.447362000,758.8598022460938,1516.177490234375,0.0,-0.7162234947175067,-0.008186321377749753,0.01242002030872771
1532708592.497778000,758.8755493164062,1516.16259765625,0.0,-0.7160831674450314,-0.008164856519521577,0.012403783286360905
1532708592.547671000,758.8872680664062,1516.1512451171875,0.0,-0.7159802859108254,-0.008018293337101448,0.01244755351152124
1532708592.597203000,758.898681640625,1516.14013671875,0.0,-0.7158497494039943,-0.007932331225578912,0.012471264663397728
1532708592.647533000,758.91015625,1516.1290283203125,0.0,-0.7157134482413058,-0.00788505006484926,0.012518665256391847
1532708592.697296000,758.92138671875,1516.1180419921875,0.0,-0.7155870055469722,-0.007872423777385042,0.01254873570151768
1532708592.747624000,758.9323120117188,1516.107421875,0.0,-0.7155525895046128,-0.007843719352047317,0.01258541233285116
1532708592.797383000,758.9432983398438,1516.096923828125,0.0,-0.7155451329725706,-0.007834718828315825,0.012534199430492826
1532708592.847729000,758.9535522460938,1516.0870361328125,0.0,-0.7155545531024151,-0.0077683611834890596,0.012501582368231479
1532708592.897467000,758.9631958007812,1516.0777587890625,0.0,-0.7155266357326501,-0.0076878856596174746,0.012433156809694645
1532708592.947827000,758.971923828125,1516.069091796875,0.0,-0.7154807482221958,-0.0076603101576462425,0.01236933495417111
1532708592.997551000,758.9798583984375,1516.061279296875,0.0,-0.7154350456362608,-0.00766698588701494,0.012316554313332607
1532708593.047887000,758.9871215820312,1516.0540771484375,0.0,-0.7154245881404884,-0.007655122866597724,0.012268122295179769
1532708593.097640000,758.993896484375,1516.04736328125,0.0,-0.7154280956188861,-0.007615860018918592,0.01224475188974941
1532708593.147974000,758.9995727539062,1516.04150390625,0.0,-0.7154623406323212,-0.0075726322656611686,0.01226804502487635
1532708593.197739000,759.0012817382812,1516.039306640625,0.0,-0.7154391201592318,-0.007690116546762823,0.0122722604558466
1532708593.248052000,759.0014038085938,1516.03857421875,0.0,-0.7153839918491013,-0.008096649974498072,0.012280109499278229
1532708593.297822000,759.0001831054688,1516.0390625,0.0,-0.7153342601042679,-0.008619595460171199,0.012321455967596229
1532708593.348142000,758.998046875,1516.0401611328125,0.0,-0.7152979242647651,-0.009263863872621198,0.012362371603467502
1532708593.397939000,758.9959106445312,1516.0413818359375,0.0,-0.7152674484197938,-0.009961888072962985,0.012345054631671869
1532708593.448208000,758.9937133789062,1516.042724609375,0.0,-0.7152634596425534,-0.01050835271205863,0.012359955061355553
1532708593.498064000,758.9915771484375,1516.0439453125,0.0,-0.7152773925880498,-0.010729412678666736,0.012380157420760532
1532708593.547767000,758.9896850585938,1516.044921875,0.0,-0.7152846996474311,-0.010524040687624761,0.012413939031681798
1532708593.598084000,758.9878540039062,1516.0458984375,0.0,-0.7152863967843093,-0.010115447129456095,0.01249466885291395
1532708593.647864000,758.9864501953125,1516.046630859375,0.0,-0.7152907963314828,-0.009771613062937883,0.012555100896345655
1532708593.698152000,758.985107421875,1516.047119140625,0.0,-0.7152653869880838,-0.009651703577104778,0.01263275125804118
1532708593.747929000,758.9840087890625,1516.0474853515625,0.0,-0.7152465862105643,-0.009701038718145268,0.01265936267372229
1532708593.798241000,758.9830932617188,1516.0477294921875,0.0,-0.7152015333124275,-0.009912740369694788,0.012617362735386856
1532708593.848004000,758.9822998046875,1516.0478515625,0.0,-0.7151627192819728,-0.01014937442871623,0.01257692056234542
1532708593.898327000,758.9816284179688,1516.0479736328125,0.0,-0.7151223969303355,-0.010217843062788202,0.012498334685347647
1532708593.948094000,758.9810791015625,1516.0478515625,0.0,-0.7151121814578664,-0.010090775411235507,0.012475399956469332
1532708593.998433000,758.9805908203125,1516.0477294921875,0.0,-0.7150880975892491,-0.009872178317641003,0.01245145546025585
1532708594.048187000,758.9801635742188,1516.047607421875,0.0,-0.7150834546842085,-0.009730456997482956,0.012406701241479298
1532708594.098512000,758.9798583984375,1516.0474853515625,0.0,-0.7150393007239358,-0.009747064709513796,0.012427071110207634
1532708594.148276000,758.9794921875,1516.0472412109375,0.0,-0.714969662887772,-0.009887173668740236,0.012443254449769337
1532708594.200703000,758.9791870117188,1516.0469970703125,0.0,-0.7149055046415197,-0.009999925623585612,0.012523080496035965
1532708594.248363000,758.9789428710938,1516.0467529296875,0.0,-0.714869657976503,-0.009985936698918714,0.012559877930218422
1532708594.298681000,758.9786987304688,1516.0465087890625,0.0,-0.7148340088214662,-0.009906247699366764,0.012542537328265243
1532708594.348450000,758.9784545898438,1516.0462646484375,0.0,-0.7148329454444357,-0.00979235457782317,0.01252234444082981
1532708594.398215000,758.978271484375,1516.0458984375,0.0,-0.7148418585502462,-0.009713247590636855,0.012465522434224845
1532708594.448550000,758.97802734375,1516.045654296875,0.0,-0.7148367119504595,-0.009723423515961387,0.012427014054116602
1532708594.498320000,758.9778442382812,1516.04541015625,0.0,-0.7148482484006117,-0.009782326062071845,0.012414495549905539
1532708594.548628000,758.9776000976562,1516.045166015625,0.0,-0.7148269935923705,-0.009857816914301194,0.012431821996789496
1532708594.599279000,758.9774169921875,1516.044921875,0.0,-0.7147977747625731,-0.009843115780958974,0.01245293256741178
1532708594.648728000,758.9772338867188,1516.044677734375,0.0,-0.7147686494720397,-0.00985965150252088,0.012479082192599187
1532708594.699452000,758.97705078125,1516.04443359375,0.0,-0.7147737119736212,-0.009820520964692301,0.012448649864302504
1532708594.748793000,758.976806640625,1516.044189453125,0.0,-0.7148027962831128,-0.009778833974147225,0.012434494570185377
1532708594.803071000,758.9766235351562,1516.0439453125,0.0,-0.7148344342785774,-0.00981489197706523,0.012412982368099266
1532708594.848889000,758.9764404296875,1516.043701171875,0.0,-0.7148483462112561,-0.00982374949459717,0.012430409569389235
1532708594.899227000,758.9762573242188,1516.0435791015625,0.0,-0.714844113144854,-0.00982919661104299,0.012411048642770445
1532708594.948961000,758.97607421875,1516.0433349609375,0.0,-0.7147937372926649,-0.009845931806753914,0.01235748157996585
1532708594.999283000,758.9758911132812,1516.0430908203125,0.0,-0.7148149495454732,-0.009812769135094776,0.01238584761706393
1532708595.049048000,758.9757080078125,1516.0428466796875,0.0,-0.7147921522607782,-0.009820904334592897,0.012358828576205022
1532708595.099366000,758.9755249023438,1516.042724609375,0.0,-0.7147807517346694,-0.009826311591421713,0.012380241994669309
1532708595.149159000,758.9754028320312,1516.04248046875,0.0,-0.7147752447600271,-0.009843498385311721,0.012373707505569265
1532708595.199458000,758.9752197265625,1516.042236328125,0.0,-0.7147553541101118,-0.009882746661437526,0.01241064079584861
1532708595.249217000,758.9750366210938,1516.0421142578125,0.0,-0.7147614816754552,-0.009867172487191673,0.012498707754227071
1532708595.299546000,758.974853515625,1516.0418701171875,0.0,-0.714773652734869,-0.00983587650040825,0.01251375284762409
1532708595.349309000,758.9747314453125,1516.041748046875,0.0,-0.7147384265175573,-0.00980142378973605,0.012510255160490586
1532708595.399668000,758.9745483398438,1516.04150390625,0.0,-0.7147231877736673,-0.009827027653242273,0.012485717954923928
1532708595.449677000,758.974365234375,1516.0413818359375,0.0,-0.7147221504266418,-0.00981149382378123,0.01247600760300039
1532708595.499711000,758.9742431640625,1516.0411376953125,0.0,-0.7147327349253968,-0.009810362321331301,0.012444937458356486
1532708595.549489000,758.9740600585938,1516.041015625,0.0,-0.7147772399583483,-0.009795395241608313,0.012403112601891909
1532708595.599803000,758.9739379882812,1516.040771484375,0.0,-0.714783371505239,-0.009772057074839744,0.012376836736614693
1532708595.651014000,758.9737548828125,1516.0406494140625,0.0,-0.7147692185091191,-0.00978907237081892,0.012380027209101632
1532708595.699905000,758.9736328125,1516.04052734375,0.0,-0.7147483982072242,-0.009791945055853402,0.012410106458571931
1532708595.749651000,758.9735107421875,1516.040283203125,0.0,-0.7148116968394319,-0.009776796251962816,0.012448226726263955
1532708595.803881000,758.9733276367188,1516.0401611328125,0.0,-0.7148297919595032,-0.00973557092819265,0.01242311746434624
1532708595.849740000,758.9732055664062,1516.0400390625,0.0,-0.714825313105585,-0.009739726271830956,0.01243502307085261
1532708595.899509000,758.9730834960938,1516.039794921875,0.0,-0.7148118947581433,-0.009728325885415955,0.012484965107218764
1532708595.949829000,758.9729614257812,1516.0396728515625,0.0,-0.7147846534932225,-0.00971888553983591,0.012484504478650725
1532708595.999583000,758.9728393554688,1516.03955078125,0.0,-0.7147784802676849,-0.00974177287390378,0.012428101103188937
1532708596.049907000,758.97265625,1516.0394287109375,0.0,-0.7148201282125506,-0.00975654747859961,0.012466277217659485
1532708596.099679000,758.9725341796875,1516.0391845703125,0.0,-0.7148728180752597,-0.00977356834134503,0.012453955194861355
1532708596.150220000,758.972412109375,1516.0390625,0.0,-0.7148719156132289,-0.009729252682364924,0.01238809032799038
1532708596.203928000,758.9722900390625,1516.0389404296875,0.0,-0.7148767804345942,-0.009729840597250438,0.012331772007927887
1532708596.250082000,758.97216796875,1516.038818359375,0.0,-0.7148717882639667,-0.009769631060501188,0.01234222004949255
1532708596.307873000,758.9720458984375,1516.0386962890625,0.0,-0.7148820406646281,-0.009787588749025746,0.0123703518707878
1532708596.349620000,758.971923828125,1516.03857421875,0.0,-0.7149049791739249,-0.009757048921532438,0.012397658399296328
1532708596.399982000,758.9718627929688,1516.0384521484375,0.0,-0.7149362008190153,-0.009739255305876757,0.012413600713934157
1532708596.449699000,758.9717407226562,1516.038330078125,0.0,-0.7148915836083772,-0.009713536404528883,0.012447319245517893
1532708596.500028000,758.9716186523438,1516.0380859375,0.0,-0.7148668956938333,-0.009716344890735421,0.012436855210738925
1532708596.549790000,758.9714965820312,1516.0379638671875,0.0,-0.7148757859995922,-0.009674267817924355,0.012401896054308774
1532708596.600106000,758.9713745117188,1516.037841796875,0.0,-0.714904186508598,-0.009699740326752096,0.012387923197396185
1532708596.650130000,758.9712524414062,1516.0377197265625,0.0,-0.7148972820180907,-0.009677291024932925,0.01238246204322943
1532708596.699626000,758.97119140625,1516.03759765625,0.0,-0.7148807685443305,-0.009662841317888447,0.012390821855110664
1532708596.750119000,758.9710693359375,1516.0374755859375,0.0,-0.7148764497315645,-0.009641316176388918,0.012347371225729944
1532708596.799731000,758.970947265625,1516.037353515625,0.0,-0.7148713922498762,-0.009660580507575083,0.012344541316620772
1532708596.850041000,758.9708862304688,1516.0372314453125,0.0,-0.7149039253420465,-0.009646963841744982,0.012320377133258937
1532708596.899849000,758.9707641601562,1516.0372314453125,0.0,-0.7149029815780263,-0.009637927810738682,0.0123242735561066
1532708596.999934000,758.9705810546875,1516.0369873046875,0.0,-0.7148857420592923,-0.009687704520226137,0.012314121569834895
1532708597.049662000,758.970458984375,1516.036865234375,0.0,-0.7148585121359079,-0.009689517079273569,0.01230152983760607
1532708597.099977000,758.9703979492188,1516.0367431640625,0.0,-0.7148450280466174,-0.009701392071063039,0.012291046449582371
1532708597.149772000,758.9702758789062,1516.03662109375,0.0,-0.7148221986718301,-0.00973900820422549,0.012283221698078587
1532708597.200083000,758.97021484375,1516.0364990234375,0.0,-0.7148015440071609,-0.00975385384675251,0.012297979984699642
1532708597.249830000,758.9700927734375,1516.036376953125,0.0,-0.7147720894928422,-0.009740162383312457,0.012286565509412805
1532708597.299592000,758.9700317382812,1516.036376953125,0.0,-0.7147606336858043,-0.009735194815362381,0.012258260195955164
1532708597.349920000,758.9699096679688,1516.0362548828125,0.0,-0.7147647464568258,-0.0097775310344295,0.01227596210725706
1532708597.399679000,758.9698486328125,1516.0361328125,0.0,-0.7147587134648702,-0.009789597136002824,0.012291131761414088
1532708597.450003000,758.9697875976562,1516.0360107421875,0.0,-0.7147777670756644,-0.009814872964649068,0.012337987960618005
1532708597.499818000,758.9696655273438,1516.035888671875,0.0,-0.7148057184949215,-0.009796065689871953,0.012316830835806458
1532708597.549549000,758.9696044921875,1516.035888671875,0.0,-0.714771650754149,-0.009824592970303993,0.012324765656940325
1532708597.599869000,758.9695434570312,1516.0357666015625,0.0,-0.7147969500924977,-0.009818136660294508,0.01231922248072378
1532708597.649622000,758.9694213867188,1516.03564453125,0.0,-0.7148034270106237,-0.009804449122236079,0.012345534788217226
1532708597.699942000,758.9693603515625,1516.0355224609375,0.0,-0.7147800752070229,-0.009817221417315456,0.012359001129280423
1532708597.749704000,758.9692993164062,1516.0355224609375,0.0,-0.7147565011431706,-0.009828795646940986,0.012374165761589742
1532708597.799467000,758.96923828125,1516.035400390625,0.0,-0.7147365636176787,-0.009809557672068796,0.012350214377729474
1532708597.849793000,758.9691162109375,1516.0352783203125,0.0,-0.7147396786745874,-0.009831795409873481,0.012246219820858596
1532708597.899578000,758.9690551757812,1516.0352783203125,0.0,-0.714746892590028,-0.009797075339762758,0.012224092514611451
1532708597.949334000,758.968994140625,1516.03515625,0.0,-0.7147617378546519,-0.009749517816718001,0.012297978945402546
1532708597.999635000,758.9689331054688,1516.0350341796875,0.0,-0.7147606156198643,-0.009795477659497625,0.012213335804044621
1532708598.049412000,758.9688720703125,1516.0350341796875,0.0,-0.7147637219053393,-0.0098103216613906,0.012230825379219361
1532708598.099718000,758.9688110351562,1516.034912109375,0.0,-0.7147715869776053,-0.009775366412348154,0.012299450444663435
1532708598.151845000,758.96875,1516.0347900390625,0.0,-0.7147885926491157,-0.009699321045254715,0.012311750180706118
1532708598.199827000,758.9686279296875,1516.0347900390625,0.0,-0.7147966108974747,-0.009689958736786658,0.012267889508045525
1532708598.249578000,758.9685668945312,1516.03466796875,0.0,-0.7148224974647281,-0.009739947705210387,0.012314796536054011
1532708598.299344000,758.968505859375,1516.0345458984375,0.0,-0.7148147213036966,-0.009724901937779284,0.012332930604786962
1532708598.349679000,758.9684448242188,1516.0345458984375,0.0,-0.7148287535253857,-0.00968718890468455,0.012290626259824994
1532708598.399426000,758.9683837890625,1516.034423828125,0.0,-0.7148066261200295,-0.009704639902720366,0.01221991115099326
1532708598.449760000,758.9683227539062,1516.034423828125,0.0,-0.7148205204885388,-0.00971930451773811,0.01226707726060955
1532708598.499520000,758.96826171875,1516.0343017578125,0.0,-0.7148586323741742,-0.00970072096571293,0.012289086682823459
1532708598.549289000,758.9682006835938,1516.0343017578125,0.0,-0.7148329167148438,-0.009685418746561,0.012262203757954324
1532708598.599636000,758.9681396484375,1516.0341796875,0.0,-0.714813310050984,-0.009672705504983222,0.012283505210727312
1532708598.649375000,758.9680786132812,1516.0340576171875,0.0,-0.7148055665752173,-0.009660673709881511,0.012296011699349333
1532708598.699710000,758.9680786132812,1516.0340576171875,0.0,-0.7148030607821184,-0.009673980861783078,0.01229472330646867
1532708598.749454000,758.968017578125,1516.033935546875,0.0,-0.7148168735444691,-0.009668974440612063,0.01228363273133521
1532708598.799212000,758.9679565429688,1516.033935546875,0.0,-0.7148334452378546,-0.009689688440237022,0.01230840499117942
1532708598.849675000,758.9678955078125,1516.0338134765625,0.0,-0.7148195972792343,-0.00968227089504089,0.012339531162156445
1532708598.899295000,758.9678344726562,1516.0338134765625,0.0,-0.7147897979970204,-0.00965592897496134,0.012327734127281428
1532708598.949626000,758.9677734375,1516.03369140625,0.0,-0.7147866979976133,-0.009642175846155183,0.012321607299775088
1532708599.000537000,758.9677124023438,1516.03369140625,0.0,-0.7148202877021417,-0.009605421739601983,0.012326225551573016
1532708599.049160000,758.9676513671875,1516.0335693359375,0.0,-0.7148288879249861,-0.009550131392819794,0.012316792502242992
1532708599.099474000,758.9676513671875,1516.0335693359375,0.0,-0.7148355101169753,-0.009554191929922452,0.012278230146584166
1532708599.149245000,758.9675903320312,1516.033447265625,0.0,-0.7148276549692086,-0.00960083448578522,0.012221515262186487
1532708599.199554000,758.967529296875,1516.033447265625,0.0,-0.7148142811754913,-0.009606695319853238,0.012221331835813939
